<?xml version="1.0" encoding="UTF-8"?>
<!DOCTYPE properties SYSTEM "http://java.sun.com/dtd/properties.dtd">
<properties>
	<comment>Hl7</comment>
	<entry key="image_dir">C:\\nbsproject\\ATD_PDFs\\</entry>
	<entry key="OBX_size">500000</entry>
	<entry key="ADD_size">30000</entry>
	<entry key="our_facility">NBS_SERV</entry>
	<entry key="our_app">NBS_ALERT</entry>
	<entry key="univ_serv_id">556</entry>
	<entry key="univ_serv_id_name">New_Born_Screening</entry>
	<entry key="version">2.5</entry>
	<entry key="groupA">ORU</entry>
	<entry key="groupB">RO1</entry>
	<entry key="UID">OUTIMG</entry>
	<entry key="coding_system">L</entry>
	
	<entry key="ATTRIBUTE_NEXT_OF_KIN">Mother's Name</entry>
	<entry key="ATTRIBUTE_TELEPHONE">Telephone Number</entry>
	<entry key="ATTRIBUTE_RACE">Race</entry>
	<entry key="ATTRIBUTE_BIRTHPLACE">Birthplace</entry>
	<entry key="PROVIDER_ID">Provider ID</entry>
	<entry key="PROVIDER_NAME">Provider Name</entry>
	<entry key="CITIZENSHIP">Citizenship</entry>
	<entry key="MATCH_INFO">Other Matching Information</entry>
	<entry key="PATIENT_IDENT_TYPE">MRN</entry>
	
			

	
</properties>	
	
