<?xml version="1.0" encoding="UTF-8"?>
<stats_config>
	<pws_prompt_answers>
		<Field id="Choice1"/>
		<Field id="Choice2"/>
		<Field id="Choice3"/>
		<Field id="Choice4"/>
		<Field id="Choice5"/>
		<Field id="Choice6"/>
	</pws_prompt_answers>
	<pws_prompt_answer_errs>
		<Field id="Choice1Err"/>
		<Field id="Choice2Err"/>
		<Field id="Choice3Err"/>
		<Field id="Choice4Err"/>
		<Field id="Choice5Err"/>
		<Field id="Choice6Err"/>
	</pws_prompt_answer_errs>
	<language_answers>
		<language name="Spanish">
			<Field id="QuestionEntry_1_2"/>
			<Field id="QuestionEntry_2_2"/>
			<Field id="QuestionEntry_3_2"/>
			<Field id="QuestionEntry_4_2"/>
			<Field id="QuestionEntry_5_2"/>
			<Field id="QuestionEntry_6_2"/>
			<Field id="QuestionEntry_7_2"/>
			<Field id="QuestionEntry_8_2"/>
			<Field id="QuestionEntry_9_2"/>
			<Field id="QuestionEntry_10_2"/>
			<Field id="QuestionEntry_11_2"/>
			<Field id="QuestionEntry_12_2"/>
			<Field id="QuestionEntry_13_2"/>
			<Field id="QuestionEntry_14_2"/>
			<Field id="QuestionEntry_15_2"/>
			<Field id="QuestionEntry_16_2"/>
			<Field id="QuestionEntry_17_2"/>
			<Field id="QuestionEntry_18_2"/>
			<Field id="QuestionEntry_19_2"/>
			<Field id="QuestionEntry_20_2"/>
		</language>
		<language name="English">
			<Field id="QuestionEntry_1"/>
			<Field id="QuestionEntry_2"/>
			<Field id="QuestionEntry_3"/>
			<Field id="QuestionEntry_4"/>
			<Field id="QuestionEntry_5"/>
			<Field id="QuestionEntry_6"/>
			<Field id="QuestionEntry_7"/>
			<Field id="QuestionEntry_8"/>
			<Field id="QuestionEntry_9"/>
			<Field id="QuestionEntry_10"/>
			<Field id="QuestionEntry_11"/>
			<Field id="QuestionEntry_12"/>
			<Field id="QuestionEntry_13"/>
			<Field id="QuestionEntry_14"/>
			<Field id="QuestionEntry_15"/>
			<Field id="QuestionEntry_16"/>
			<Field id="QuestionEntry_17"/>
			<Field id="QuestionEntry_18"/>
			<Field id="QuestionEntry_19"/>
			<Field id="QuestionEntry_20"/>
		</language>
	</language_answers>
</stats_config>
