<?xml version="1.0" encoding="ISO-8859-1" ?>
<Form version="1" xmlns:tf="http://www.cardiff.com/2001/apps/teleform" xmlns:cs="http://www.cardiff.com/2001" xmlns:dc="http://purl.org/metadata/dublin_core#">
  <tf:formid>3019530</tf:formid>
  <tf:formprops>
    <tf:ftype active="false">existing</tf:ftype>
    <tf:passwd>false</tf:passwd>
    <tf:review>0</tf:review>
    <tf:dropout>false</tf:dropout>
    <tf:bypass-act>false</tf:bypass-act>
    <tf:print-ok>false</tf:print-ok>
    <tf:print-err>false</tf:print-err>
    <tf:save-ok>true</tf:save-ok>
    <tf:save-err>true</tf:save-err>
    <tf:save-rot>false</tf:save-rot>
    <tf:bypass-vfy>false</tf:bypass-vfy>
    <tf:ae-savint>false</tf:ae-savint>
    <tf:mark-line width="15">form level</tf:mark-line>
    <tf:form-recog>
      <tf:conf val="80">system level</tf:conf>
      <tf:omr-conf low="25" high="40" max-t="0" adj="50">system level</tf:omr-conf>
      <tf:perf-lvl val="1">system level</tf:perf-lvl>
      <tf:auto-lvl val="1">system level</tf:auto-lvl>
      <tf:id-loc>none</tf:id-loc>
      <tf:enh-rec>true</tf:enh-rec>
      <tf:remove-usr>true</tf:remove-usr>
    </tf:form-recog>
  </tf:formprops>
  <FormUnitsPerInch>25400</FormUnitsPerInch>
  <Meta>
    <dc:Title>Asthma_JIT_newColorBlock_For_CHICA_2.0</dc:Title>
    <dc:Creator>Department of Pediatrics</dc:Creator>
    <dc:Subject></dc:Subject>
    <dc:Publisher>Teleform</dc:Publisher>
    <dc:Description></dc:Description>
    <cs:app-version>
      <cs:program>Teleform Designer</cs:program>
      <cs:major>9</cs:major>
      <cs:minor>1</cs:minor>
      <cs:build>9142</cs:build>
    </cs:app-version>
  </Meta>
  <UniqSeqNum enabled="false">1</UniqSeqNum>
  <Revision>0</Revision>
  <SchemaVersion>0</SchemaVersion>
  <Calculations />
  <Exports>
    <NotifyUserAnon enabled="false" />
    <NotifyUserAuth enabled="false" />
    <DataClient>true</DataClient>
    <RealTime>true</RealTime>
    <EnableArchive>false</EnableArchive>
  </Exports>
  <Lookups />
  <Scripts />

<!--(0)-->
  <Page index="1">
    <Name>Page 1</Name>
    <Width>215900</Width>
    <Height>279400</Height>
    <BackColor>#FFFFFF</BackColor>
    <ImageUse>stretch</ImageUse>
    <Image width="215900" height="279400">3019530001.bmp</Image>
    <Margin enabled="true">
      <Left>8890</Left>
      <Right>8890</Right>
      <Top>8890</Top>
      <Bottom>8890</Bottom>
    </Margin>

<!--Image Zone(PatientName)-->
    <Entity name="PatientName" type="Entry" tabstop="true" taborder="31" field="true">
      <tf:object id="PatientName" type="Image Zone" longid="PatientName">
        <tf:bounds height="6375" width="76479" y="21183" x="23164" />
        <tf:markrect height="6375" width="76479" y="21183" x="23164" />
        <tf:treat-as-text>true</tf:treat-as-text>
        <tf:recognition>
          <tf:rec-type>machine print</tf:rec-type>
          <tf:force-upper>false</tf:force-upper>
          <tf:rec-chars upper="true" lower="true">alpha/numeric</tf:rec-chars>
          <tf:punctuation>true</tf:punctuation>
          <tf:special-chars>true</tf:special-chars>
          <tf:conf val="80">form level</tf:conf>
          <tf:perf-lvl val="1">form level</tf:perf-lvl>
          <tf:auto-lvl val="1">form level</tf:auto-lvl>
          <tf:rec-lang default="true" intval="1">English</tf:rec-lang>
          <tf:rec-font default="true" intval="0">Auto</tf:rec-font>
          <tf:single-line>0</tf:single-line>
          <tf:var-loc enabled="false" />
          <tf:context enabled="true" val="1" disp="Low" />
          <tf:preprocess enabled="false" type="none" />
        </tf:recognition>
        <tf:store-val>true</tf:store-val>
        <tf:store-sepr>false</tf:store-sepr>
        <tf:validation>
          <tf:data-review enabled="false" />
          <tf:double-key enabled="false" />
          <tf:always-review enabled="false" />
          <tf:dictionary enabled="false" />
          <tf:lookup enabled="false" />
        </tf:validation>
        <tf:mark-line width="15">form level</tf:mark-line>
        <tf:dropout>false</tf:dropout>
      </tf:object>
      <Validation enabled="false" />
      <ProfileField enabled="false" />
      <Pos height="6350" width="76454" y="21183" x="23164" />
      <Description></Description>
      <MaxLen>30</MaxLen>
      <ReadOnly>false</ReadOnly>
      <InitValue>%PatientName%</InitValue>
      <DataStorage>
        <StripTemplateChars>true</StripTemplateChars>
        <DefaultValue></DefaultValue>
      </DataStorage>
      <Font size="3881" bold="false" italic="false" underline="false" strikeout="false" charset="DEFAULT_CHARSET" color="#000000" face="Arial" />
      <BorderStyle top="false" bottom="false" left="false" right="false" sides="true">none</BorderStyle>
      <PenStyle color="#000000" width="381">invisible</PenStyle>
      <FillStyle fillcolor="#FFFFFF" patterncolor="#000000">hollow</FillStyle>
      <EntryRequired>false</EntryRequired>
      <CombOpt enabled="false">
        <SideHeight>100</SideHeight>
        <CombHeight>0</CombHeight>
      </CombOpt>
      <Entity name="Entry_Field0" type="EntryPart" tabstop="false" taborder="-1" field="false">
        <Pos height="6350" width="76454" y="21183" x="23164" />
        <Combs>30</Combs>
      </Entity>
      <Label enabled="false">
        <TextLoc>above</TextLoc>
        <TextAlign>min</TextAlign>
        <Spacing>2540</Spacing>
      </Label>
      <Format>TextFormat</Format>
      <TextFormat>
        <MinLen enforced="false">0</MinLen>
        <MaxLen enforced="false">0</MaxLen>
        <CaseConversion>none</CaseConversion>
        <MultiLine>false</MultiLine>
        <Password>false</Password>
        <FieldLen>30</FieldLen>
        <AllowedChars spaces="true" special="true">alphanum</AllowedChars>
      </TextFormat>
    </Entity>

<!--Image Zone(MRN)-->
    <Entity name="MRN" type="Entry" tabstop="true" taborder="32" field="true">
      <tf:object id="MRN" type="Image Zone" longid="MRN">
        <tf:bounds height="6375" width="59817" y="27940" x="39293" />
        <tf:markrect height="6375" width="59817" y="27940" x="39293" />
        <tf:treat-as-text>true</tf:treat-as-text>
        <tf:recognition>
          <tf:rec-type>machine print</tf:rec-type>
          <tf:force-upper>false</tf:force-upper>
          <tf:rec-chars upper="true" lower="true">alpha/numeric</tf:rec-chars>
          <tf:punctuation>true</tf:punctuation>
          <tf:special-chars>true</tf:special-chars>
          <tf:conf val="80">form level</tf:conf>
          <tf:perf-lvl val="1">form level</tf:perf-lvl>
          <tf:auto-lvl val="1">form level</tf:auto-lvl>
          <tf:rec-lang default="true" intval="1">English</tf:rec-lang>
          <tf:rec-font default="true" intval="0">Auto</tf:rec-font>
          <tf:single-line>0</tf:single-line>
          <tf:var-loc enabled="false" />
          <tf:context enabled="true" val="1" disp="Low" />
          <tf:preprocess enabled="false" type="none" />
        </tf:recognition>
        <tf:store-val>true</tf:store-val>
        <tf:store-sepr>false</tf:store-sepr>
        <tf:validation>
          <tf:data-review enabled="false" />
          <tf:double-key enabled="false" />
          <tf:always-review enabled="false" />
          <tf:dictionary enabled="false" />
          <tf:lookup enabled="false" />
        </tf:validation>
        <tf:mark-line width="15">form level</tf:mark-line>
        <tf:dropout>false</tf:dropout>
      </tf:object>
      <Validation enabled="false" />
      <ProfileField enabled="false" />
      <Pos height="6350" width="59791" y="27940" x="39293" />
      <Description>MRN</Description>
      <MaxLen>30</MaxLen>
      <ReadOnly>false</ReadOnly>
      <InitValue>%MRN%</InitValue>
      <DataStorage>
        <StripTemplateChars>true</StripTemplateChars>
        <DefaultValue></DefaultValue>
      </DataStorage>
      <Font size="3881" bold="false" italic="false" underline="false" strikeout="false" charset="DEFAULT_CHARSET" color="#000000" face="Arial" />
      <BorderStyle top="false" bottom="false" left="false" right="false" sides="true">none</BorderStyle>
      <PenStyle color="#000000" width="381">invisible</PenStyle>
      <FillStyle fillcolor="#FFFFFF" patterncolor="#000000">hollow</FillStyle>
      <EntryRequired>false</EntryRequired>
      <CombOpt enabled="false">
        <SideHeight>100</SideHeight>
        <CombHeight>0</CombHeight>
      </CombOpt>
      <Entity name="Entry_Field1" type="EntryPart" tabstop="false" taborder="-1" field="false">
        <Pos height="6350" width="59791" y="27940" x="39293" />
        <Combs>30</Combs>
      </Entity>
      <Label enabled="false">
        <TextLoc>above</TextLoc>
        <TextAlign>min</TextAlign>
        <Spacing>2540</Spacing>
      </Label>
      <Format>TextFormat</Format>
      <TextFormat>
        <MinLen enforced="false">0</MinLen>
        <MaxLen enforced="false">0</MaxLen>
        <CaseConversion>none</CaseConversion>
        <MultiLine>false</MultiLine>
        <Password>false</Password>
        <FieldLen>30</FieldLen>
        <AllowedChars spaces="true" special="true">alphanum</AllowedChars>
      </TextFormat>
    </Entity>

<!--Image Zone(Doctor)-->
    <Entity name="Doctor" type="Entry" tabstop="true" taborder="33" field="true">
      <tf:object id="Doctor" type="Image Zone" longid="Doctor">
        <tf:bounds height="6375" width="60096" y="34671" x="39293" />
        <tf:markrect height="6375" width="60096" y="34671" x="39293" />
        <tf:treat-as-text>true</tf:treat-as-text>
        <tf:recognition>
          <tf:rec-type>machine print</tf:rec-type>
          <tf:force-upper>false</tf:force-upper>
          <tf:rec-chars upper="true" lower="true">alpha/numeric</tf:rec-chars>
          <tf:punctuation>true</tf:punctuation>
          <tf:special-chars>true</tf:special-chars>
          <tf:conf val="80">form level</tf:conf>
          <tf:perf-lvl val="1">form level</tf:perf-lvl>
          <tf:auto-lvl val="1">form level</tf:auto-lvl>
          <tf:rec-lang default="true" intval="1">English</tf:rec-lang>
          <tf:rec-font default="true" intval="0">Auto</tf:rec-font>
          <tf:single-line>0</tf:single-line>
          <tf:var-loc enabled="false" />
          <tf:context enabled="true" val="1" disp="Low" />
          <tf:preprocess enabled="false" type="none" />
        </tf:recognition>
        <tf:store-val>true</tf:store-val>
        <tf:store-sepr>false</tf:store-sepr>
        <tf:validation>
          <tf:data-review enabled="false" />
          <tf:double-key enabled="false" />
          <tf:always-review enabled="false" />
          <tf:dictionary enabled="false" />
          <tf:lookup enabled="false" />
        </tf:validation>
        <tf:mark-line width="15">form level</tf:mark-line>
        <tf:dropout>false</tf:dropout>
      </tf:object>
      <Validation enabled="false" />
      <ProfileField enabled="false" />
      <Pos height="6350" width="60071" y="34671" x="39293" />
      <Description>Doctor</Description>
      <MaxLen>30</MaxLen>
      <ReadOnly>false</ReadOnly>
      <InitValue>%Doctor%</InitValue>
      <DataStorage>
        <StripTemplateChars>true</StripTemplateChars>
        <DefaultValue></DefaultValue>
      </DataStorage>
      <Font size="3881" bold="false" italic="false" underline="false" strikeout="false" charset="DEFAULT_CHARSET" color="#000000" face="Arial" />
      <BorderStyle top="false" bottom="false" left="false" right="false" sides="true">none</BorderStyle>
      <PenStyle color="#000000" width="381">invisible</PenStyle>
      <FillStyle fillcolor="#FFFFFF" patterncolor="#000000">hollow</FillStyle>
      <EntryRequired>false</EntryRequired>
      <CombOpt enabled="false">
        <SideHeight>100</SideHeight>
        <CombHeight>0</CombHeight>
      </CombOpt>
      <Entity name="Entry_Field2" type="EntryPart" tabstop="false" taborder="-1" field="false">
        <Pos height="6350" width="60071" y="34671" x="39293" />
        <Combs>30</Combs>
      </Entity>
      <Label enabled="false">
        <TextLoc>above</TextLoc>
        <TextAlign>min</TextAlign>
        <Spacing>2540</Spacing>
      </Label>
      <Format>TextFormat</Format>
      <TextFormat>
        <MinLen enforced="false">0</MinLen>
        <MaxLen enforced="false">0</MaxLen>
        <CaseConversion>none</CaseConversion>
        <MultiLine>false</MultiLine>
        <Password>false</Password>
        <FieldLen>30</FieldLen>
        <AllowedChars spaces="true" special="true">alphanum</AllowedChars>
      </TextFormat>
    </Entity>

<!--Image Zone(VisitDate)-->
    <Entity name="VisitDate" type="Entry" tabstop="true" taborder="34" field="true">
      <tf:object id="VisitDate" type="Image Zone" longid="VisitDate">
        <tf:bounds height="6477" width="59563" y="41427" x="39014" />
        <tf:markrect height="6477" width="59563" y="41427" x="39014" />
        <tf:treat-as-text>true</tf:treat-as-text>
        <tf:recognition>
          <tf:rec-type>machine print</tf:rec-type>
          <tf:force-upper>false</tf:force-upper>
          <tf:rec-chars upper="true" lower="true">alpha/numeric</tf:rec-chars>
          <tf:punctuation>true</tf:punctuation>
          <tf:special-chars>true</tf:special-chars>
          <tf:conf val="80">form level</tf:conf>
          <tf:perf-lvl val="1">form level</tf:perf-lvl>
          <tf:auto-lvl val="1">form level</tf:auto-lvl>
          <tf:rec-lang default="true" intval="1">English</tf:rec-lang>
          <tf:rec-font default="true" intval="0">Auto</tf:rec-font>
          <tf:single-line>0</tf:single-line>
          <tf:var-loc enabled="false" />
          <tf:context enabled="true" val="1" disp="Low" />
          <tf:preprocess enabled="false" type="none" />
        </tf:recognition>
        <tf:store-val>true</tf:store-val>
        <tf:store-sepr>false</tf:store-sepr>
        <tf:validation>
          <tf:data-review enabled="false" />
          <tf:double-key enabled="false" />
          <tf:always-review enabled="false" />
          <tf:dictionary enabled="false" />
          <tf:lookup enabled="false" />
        </tf:validation>
        <tf:mark-line width="15">form level</tf:mark-line>
        <tf:dropout>false</tf:dropout>
      </tf:object>
      <Validation enabled="false" />
      <ProfileField enabled="false" />
      <Pos height="6451" width="59537" y="41427" x="39014" />
      <Description></Description>
      <MaxLen>30</MaxLen>
      <ReadOnly>false</ReadOnly>
      <InitValue>%VisitDate%</InitValue>
      <DataStorage>
        <StripTemplateChars>true</StripTemplateChars>
        <DefaultValue></DefaultValue>
      </DataStorage>
      <Font size="3881" bold="false" italic="false" underline="false" strikeout="false" charset="DEFAULT_CHARSET" color="#000000" face="Arial" />
      <BorderStyle top="false" bottom="false" left="false" right="false" sides="true">none</BorderStyle>
      <PenStyle color="#000000" width="381">invisible</PenStyle>
      <FillStyle fillcolor="#FFFFFF" patterncolor="#000000">hollow</FillStyle>
      <EntryRequired>false</EntryRequired>
      <CombOpt enabled="false">
        <SideHeight>100</SideHeight>
        <CombHeight>0</CombHeight>
      </CombOpt>
      <Entity name="Entry_Field3" type="EntryPart" tabstop="false" taborder="-1" field="false">
        <Pos height="6451" width="59537" y="41427" x="39014" />
        <Combs>30</Combs>
      </Entity>
      <Label enabled="false">
        <TextLoc>above</TextLoc>
        <TextAlign>min</TextAlign>
        <Spacing>2540</Spacing>
      </Label>
      <Format>TextFormat</Format>
      <TextFormat>
        <MinLen enforced="false">0</MinLen>
        <MaxLen enforced="false">0</MaxLen>
        <CaseConversion>none</CaseConversion>
        <MultiLine>false</MultiLine>
        <Password>false</Password>
        <FieldLen>30</FieldLen>
        <AllowedChars spaces="true" special="true">alphanum</AllowedChars>
      </TextFormat>
    </Entity>

<!--Rectangle()-->
    <Entity name="" type="Rectangle" tabstop="false" taborder="-1" field="false">
      <tf:object id="" type="Rectangle" longid="" />
      <PenStyle color="#008000" width="762">solid</PenStyle>
      <FillStyle fillcolor="#FFFFFF" patterncolor="#008000">hollow</FillStyle>
      <BorderStyle top="true" bottom="true" left="true" right="true" sides="true">flat</BorderStyle>
      <CornerStyle>
        <Radius>10</Radius>
        <RoundCorners>false</RoundCorners>
      </CornerStyle>
      <Pos height="48031" width="169545" y="80264" x="31089" />
    </Entity>

<!--Rectangle()-->
    <Entity name="" type="Rectangle" tabstop="false" taborder="-1" field="false">
      <tf:object id="" type="Rectangle" longid="" />
      <PenStyle color="#FFFF00" width="762">solid</PenStyle>
      <FillStyle fillcolor="#FFFFFF" patterncolor="#FFFF00">hollow</FillStyle>
      <BorderStyle top="true" bottom="true" left="true" right="true" sides="true">flat</BorderStyle>
      <CornerStyle>
        <Radius>10</Radius>
        <RoundCorners>false</RoundCorners>
      </CornerStyle>
      <Pos height="42672" width="169545" y="128854" x="31089" />
    </Entity>

<!--Rectangle()-->
    <Entity name="" type="Rectangle" tabstop="false" taborder="-1" field="false">
      <tf:object id="" type="Rectangle" longid="" />
      <PenStyle color="#FF0000" width="762">solid</PenStyle>
      <FillStyle fillcolor="#FFFFFF" patterncolor="#FF0000">hollow</FillStyle>
      <BorderStyle top="true" bottom="true" left="true" right="true" sides="true">flat</BorderStyle>
      <CornerStyle>
        <Radius>10</Radius>
        <RoundCorners>false</RoundCorners>
      </CornerStyle>
      <Pos height="56235" width="169545" y="172110" x="31089" />
    </Entity>

<!--Horizontal/Vertical Line()-->
    <Entity name="" type="Line" tabstop="false" taborder="-1" field="false">
      <tf:object id="" type="Horizontal/Vertical Line" longid="" />
      <PenStyle color="#008000" width="762">solid</PenStyle>
      <Pos height="46913" width="0" y="80822" x="87325" />
      <X1>87325</X1>
      <Y1>80822</Y1>
      <X2>87325</X2>
      <Y2>127736</Y2>
    </Entity>

<!--Horizontal/Vertical Line()-->
    <Entity name="" type="Line" tabstop="false" taborder="-1" field="false">
      <tf:object id="" type="Horizontal/Vertical Line" longid="" />
      <PenStyle color="#FFFF00" width="762">solid</PenStyle>
      <Pos height="42087" width="0" y="129159" x="87325" />
      <X1>87325</X1>
      <Y1>129159</Y1>
      <X2>87325</X2>
      <Y2>171246</Y2>
    </Entity>

<!--Horizontal/Vertical Line()-->
    <Entity name="" type="Line" tabstop="false" taborder="-1" field="false">
      <tf:object id="" type="Horizontal/Vertical Line" longid="" />
      <PenStyle color="#FF0000" width="762">solid</PenStyle>
      <Pos height="55676" width="0" y="172389" x="87325" />
      <X1>87325</X1>
      <Y1>172389</Y1>
      <X2>87325</X2>
      <Y2>228066</Y2>
    </Entity>

<!--Rectangle()-->
    <Entity name="" type="Rectangle" tabstop="false" taborder="-1" field="false">
      <tf:object id="" type="Rectangle" longid="" />
      <PenStyle color="#008000" width="0">solid</PenStyle>
      <FillStyle fillcolor="#008000" patterncolor="#008000">solid</FillStyle>
      <BorderStyle top="true" bottom="true" left="true" right="true" sides="true">flat</BorderStyle>
      <CornerStyle>
        <Radius>10</Radius>
        <RoundCorners>false</RoundCorners>
      </CornerStyle>
      <Pos height="48310" width="12700" y="79984" x="18364" />
    </Entity>

<!--Rectangle()-->
    <Entity name="" type="Rectangle" tabstop="false" taborder="-1" field="false">
      <tf:object id="" type="Rectangle" longid="" />
      <PenStyle color="#FFFF00" width="0">solid</PenStyle>
      <FillStyle fillcolor="#FFFF00" patterncolor="#FFFF00">solid</FillStyle>
      <BorderStyle top="true" bottom="true" left="true" right="true" sides="true">flat</BorderStyle>
      <CornerStyle>
        <Radius>10</Radius>
        <RoundCorners>false</RoundCorners>
      </CornerStyle>
      <Pos height="43535" width="12700" y="128295" x="18364" />
    </Entity>

<!--Rectangle()-->
    <Entity name="" type="Rectangle" tabstop="false" taborder="-1" field="false">
      <tf:object id="" type="Rectangle" longid="" />
      <PenStyle color="#FF0000" width="0">solid</PenStyle>
      <FillStyle fillcolor="#FF0000" patterncolor="#FF0000">solid</FillStyle>
      <BorderStyle top="true" bottom="true" left="true" right="true" sides="true">flat</BorderStyle>
      <CornerStyle>
        <Radius>10</Radius>
        <RoundCorners>false</RoundCorners>
      </CornerStyle>
      <Pos height="56769" width="12700" y="171831" x="18364" />
    </Entity>

<!--Rectangle()-->
    <Entity name="" type="Rectangle" tabstop="false" taborder="-1" field="false">
      <tf:object id="" type="Rectangle" longid="" />
      <PenStyle color="#008000" width="0">solid</PenStyle>
      <FillStyle fillcolor="#008000" patterncolor="#008000">solid</FillStyle>
      <BorderStyle top="true" bottom="true" left="true" right="true" sides="true">flat</BorderStyle>
      <CornerStyle>
        <Radius>10</Radius>
        <RoundCorners>false</RoundCorners>
      </CornerStyle>
      <Pos height="48590" width="2540" y="79984" x="200914" />
    </Entity>

<!--Rectangle()-->
    <Entity name="" type="Rectangle" tabstop="false" taborder="-1" field="false">
      <tf:object id="" type="Rectangle" longid="" />
      <PenStyle color="#FFFF00" width="0">solid</PenStyle>
      <FillStyle fillcolor="#FFFF00" patterncolor="#FFFF00">solid</FillStyle>
      <BorderStyle top="true" bottom="true" left="true" right="true" sides="true">flat</BorderStyle>
      <CornerStyle>
        <Radius>10</Radius>
        <RoundCorners>false</RoundCorners>
      </CornerStyle>
      <Pos height="43535" width="2540" y="128574" x="200634" />
    </Entity>

<!--Rectangle()-->
    <Entity name="" type="Rectangle" tabstop="false" taborder="-1" field="false">
      <tf:object id="" type="Rectangle" longid="" />
      <PenStyle color="#FF0000" width="0">solid</PenStyle>
      <FillStyle fillcolor="#FF0000" patterncolor="#FF0000">solid</FillStyle>
      <BorderStyle top="true" bottom="true" left="true" right="true" sides="true">flat</BorderStyle>
      <CornerStyle>
        <Radius>10</Radius>
        <RoundCorners>false</RoundCorners>
      </CornerStyle>
      <Pos height="56769" width="3124" y="171805" x="200355" />
    </Entity>

<!--Text-->
    <Entity name="text1" type="Text" tabstop="false" taborder="-1" field="false">
      <tf:object id="" type="Text" longid="" />
      <Pos height="5791" width="15189" y="28575" x="23571" />
      <FillStyle fillcolor="#000000" patterncolor="#000000">hollow</FillStyle>
      <CSRichText units-per-inch="25400" block-valign="top" font-size="4939" font-family="Times New Roman" font-weight="normal" color="#000000">
        <Paragraph text-align="left">
          <Span>MRN:</Span>
        </Paragraph>
      </CSRichText>
    </Entity>

<!--Text-->
    <Entity name="text2" type="Text" tabstop="false" taborder="-1" field="false">
      <tf:object id="" type="Text" longid="" />
      <Pos height="6832" width="17322" y="34975" x="23571" />
      <FillStyle fillcolor="#000000" patterncolor="#000000">hollow</FillStyle>
      <CSRichText units-per-inch="25400" block-valign="top" font-size="4939" font-family="Times New Roman" font-weight="normal" color="#000000">
        <Paragraph text-align="left">
          <Span>Doctor:</Span>
        </Paragraph>
      </CSRichText>
    </Entity>

<!--Text-->
    <Entity name="text3" type="Text" tabstop="false" taborder="-1" field="false">
      <tf:object id="" type="Text" longid="" />
      <Pos height="6832" width="17322" y="41351" x="23723" />
      <FillStyle fillcolor="#000000" patterncolor="#000000">hollow</FillStyle>
      <CSRichText units-per-inch="25400" block-valign="top" font-size="4939" font-family="Times New Roman" font-weight="normal" color="#000000">
        <Paragraph text-align="left">
          <Span>Date:</Span>
        </Paragraph>
      </CSRichText>
    </Entity>

<!--Text-->
    <Entity name="text4" type="Text" tabstop="false" taborder="-1" field="false">
      <tf:object id="" type="Text" longid="" />
      <Pos height="6832" width="74193" y="48514" x="23266" />
      <FillStyle fillcolor="#000000" patterncolor="#000000">hollow</FillStyle>
      <CSRichText units-per-inch="25400" block-valign="top" font-size="4939" font-family="Times New Roman" font-weight="normal" color="#000000">
        <Paragraph text-align="left">
          <Span>Clinic Phone: (317) 692-2306</Span>
        </Paragraph>
      </CSRichText>
    </Entity>

<!--Text-->
    <Entity name="text5" type="Text" tabstop="false" taborder="-1" field="false">
      <tf:object id="" type="Text" longid="" />
      <Pos height="6832" width="76174" y="54889" x="23571" />
      <FillStyle fillcolor="#000000" patterncolor="#000000">hollow</FillStyle>
      <CSRichText units-per-inch="25400" block-valign="top" font-size="4939" font-family="Times New Roman" font-weight="normal" color="#000000">
        <Paragraph text-align="left">
          <Span>Emergency: 911</Span>
        </Paragraph>
      </CSRichText>
    </Entity>
  </Page>

<!--end -->

<!--(1)-->
  <Page index="2">
    <Name>Page 2</Name>
    <Width>215900</Width>
    <Height>279400</Height>
    <BackColor>#FFFFFF</BackColor>
    <ImageUse>stretch</ImageUse>
    <Image width="215900" height="279400">3019530002.bmp</Image>
    <Margin enabled="true">
      <Left>8890</Left>
      <Right>8890</Right>
      <Top>8890</Top>
      <Bottom>8890</Bottom>
    </Margin>

<!--Image Zone(PatientName_3_2)-->
    <Entity name="PatientName_3_2" type="Entry" tabstop="true" taborder="43" field="true">
      <tf:object id="PatientName_3_2" type="Image Zone" longid="PatientName_3_2">
        <tf:bounds height="6375" width="78409" y="22326" x="23164" />
        <tf:markrect height="6375" width="78409" y="22326" x="23164" />
        <tf:treat-as-text>true</tf:treat-as-text>
        <tf:recognition>
          <tf:rec-type>machine print</tf:rec-type>
          <tf:force-upper>false</tf:force-upper>
          <tf:rec-chars upper="true" lower="true">alpha/numeric</tf:rec-chars>
          <tf:punctuation>true</tf:punctuation>
          <tf:special-chars>true</tf:special-chars>
          <tf:conf val="80">form level</tf:conf>
          <tf:perf-lvl val="1">form level</tf:perf-lvl>
          <tf:auto-lvl val="1">form level</tf:auto-lvl>
          <tf:rec-lang default="true" intval="1">English</tf:rec-lang>
          <tf:rec-font default="true" intval="0">Auto</tf:rec-font>
          <tf:single-line>0</tf:single-line>
          <tf:var-loc enabled="false" />
          <tf:context enabled="true" val="1" disp="Low" />
          <tf:preprocess enabled="false" type="none" />
        </tf:recognition>
        <tf:store-val>true</tf:store-val>
        <tf:store-sepr>false</tf:store-sepr>
        <tf:validation>
          <tf:data-review enabled="false" />
          <tf:double-key enabled="false" />
          <tf:always-review enabled="false" />
          <tf:dictionary enabled="false" />
          <tf:lookup enabled="false" />
        </tf:validation>
        <tf:mark-line width="15">form level</tf:mark-line>
        <tf:dropout>false</tf:dropout>
      </tf:object>
      <Validation enabled="false" />
      <ProfileField enabled="false" />
      <Pos height="6350" width="78384" y="22326" x="23164" />
      <Description></Description>
      <MaxLen>30</MaxLen>
      <ReadOnly>false</ReadOnly>
      <InitValue>%PatientName%</InitValue>
      <DataStorage>
        <StripTemplateChars>true</StripTemplateChars>
        <DefaultValue></DefaultValue>
      </DataStorage>
      <Font size="3881" bold="false" italic="false" underline="false" strikeout="false" charset="DEFAULT_CHARSET" color="#000000" face="Arial" />
      <BorderStyle top="false" bottom="false" left="false" right="false" sides="true">none</BorderStyle>
      <PenStyle color="#000000" width="381">invisible</PenStyle>
      <FillStyle fillcolor="#FFFFFF" patterncolor="#000000">hollow</FillStyle>
      <EntryRequired>false</EntryRequired>
      <CombOpt enabled="false">
        <SideHeight>100</SideHeight>
        <CombHeight>0</CombHeight>
      </CombOpt>
      <Entity name="Entry_Field4" type="EntryPart" tabstop="false" taborder="-1" field="false">
        <Pos height="6350" width="78384" y="22326" x="23164" />
        <Combs>30</Combs>
      </Entity>
      <Label enabled="false">
        <TextLoc>above</TextLoc>
        <TextAlign>min</TextAlign>
        <Spacing>2540</Spacing>
      </Label>
      <Format>TextFormat</Format>
      <TextFormat>
        <MinLen enforced="false">0</MinLen>
        <MaxLen enforced="false">0</MaxLen>
        <CaseConversion>none</CaseConversion>
        <MultiLine>false</MultiLine>
        <Password>false</Password>
        <FieldLen>30</FieldLen>
        <AllowedChars spaces="true" special="true">alphanum</AllowedChars>
      </TextFormat>
    </Entity>

<!--Image Zone(Doctor_3_2)-->
    <Entity name="Doctor_3_2" type="Entry" tabstop="true" taborder="44" field="true">
      <tf:object id="Doctor_3_2" type="Image Zone" longid="Doctor_3_2">
        <tf:bounds height="6375" width="60096" y="35814" x="41351" />
        <tf:markrect height="6375" width="60096" y="35814" x="41351" />
        <tf:treat-as-text>true</tf:treat-as-text>
        <tf:recognition>
          <tf:rec-type>machine print</tf:rec-type>
          <tf:force-upper>false</tf:force-upper>
          <tf:rec-chars upper="true" lower="true">alpha/numeric</tf:rec-chars>
          <tf:punctuation>true</tf:punctuation>
          <tf:special-chars>true</tf:special-chars>
          <tf:conf val="80">form level</tf:conf>
          <tf:perf-lvl val="1">form level</tf:perf-lvl>
          <tf:auto-lvl val="1">form level</tf:auto-lvl>
          <tf:rec-lang default="true" intval="1">English</tf:rec-lang>
          <tf:rec-font default="true" intval="0">Auto</tf:rec-font>
          <tf:single-line>0</tf:single-line>
          <tf:var-loc enabled="false" />
          <tf:context enabled="true" val="1" disp="Low" />
          <tf:preprocess enabled="false" type="none" />
        </tf:recognition>
        <tf:store-val>true</tf:store-val>
        <tf:store-sepr>false</tf:store-sepr>
        <tf:validation>
          <tf:data-review enabled="false" />
          <tf:double-key enabled="false" />
          <tf:always-review enabled="false" />
          <tf:dictionary enabled="false" />
          <tf:lookup enabled="false" />
        </tf:validation>
        <tf:mark-line width="15">form level</tf:mark-line>
        <tf:dropout>false</tf:dropout>
      </tf:object>
      <Validation enabled="false" />
      <ProfileField enabled="false" />
      <Pos height="6350" width="60071" y="35814" x="41351" />
      <Description>Doctor</Description>
      <MaxLen>30</MaxLen>
      <ReadOnly>false</ReadOnly>
      <InitValue>%Doctor%</InitValue>
      <DataStorage>
        <StripTemplateChars>true</StripTemplateChars>
        <DefaultValue></DefaultValue>
      </DataStorage>
      <Font size="3881" bold="false" italic="false" underline="false" strikeout="false" charset="DEFAULT_CHARSET" color="#000000" face="Arial" />
      <BorderStyle top="false" bottom="false" left="false" right="false" sides="true">none</BorderStyle>
      <PenStyle color="#000000" width="381">invisible</PenStyle>
      <FillStyle fillcolor="#FFFFFF" patterncolor="#000000">hollow</FillStyle>
      <EntryRequired>false</EntryRequired>
      <CombOpt enabled="false">
        <SideHeight>100</SideHeight>
        <CombHeight>0</CombHeight>
      </CombOpt>
      <Entity name="Entry_Field5" type="EntryPart" tabstop="false" taborder="-1" field="false">
        <Pos height="6350" width="60071" y="35814" x="41351" />
        <Combs>30</Combs>
      </Entity>
      <Label enabled="false">
        <TextLoc>above</TextLoc>
        <TextAlign>min</TextAlign>
        <Spacing>2540</Spacing>
      </Label>
      <Format>TextFormat</Format>
      <TextFormat>
        <MinLen enforced="false">0</MinLen>
        <MaxLen enforced="false">0</MaxLen>
        <CaseConversion>none</CaseConversion>
        <MultiLine>false</MultiLine>
        <Password>false</Password>
        <FieldLen>30</FieldLen>
        <AllowedChars spaces="true" special="true">alphanum</AllowedChars>
      </TextFormat>
    </Entity>

<!--Image Zone(MRN_3_2)-->
    <Entity name="MRN_3_2" type="Entry" tabstop="true" taborder="45" field="true">
      <tf:object id="MRN_3_2" type="Image Zone" longid="MRN_3_2">
        <tf:bounds height="6375" width="59817" y="29083" x="41630" />
        <tf:markrect height="6375" width="59817" y="29083" x="41630" />
        <tf:treat-as-text>true</tf:treat-as-text>
        <tf:recognition>
          <tf:rec-type>machine print</tf:rec-type>
          <tf:force-upper>false</tf:force-upper>
          <tf:rec-chars upper="true" lower="true">alpha/numeric</tf:rec-chars>
          <tf:punctuation>true</tf:punctuation>
          <tf:special-chars>true</tf:special-chars>
          <tf:conf val="80">form level</tf:conf>
          <tf:perf-lvl val="1">form level</tf:perf-lvl>
          <tf:auto-lvl val="1">form level</tf:auto-lvl>
          <tf:rec-lang default="true" intval="1">English</tf:rec-lang>
          <tf:rec-font default="true" intval="0">Auto</tf:rec-font>
          <tf:single-line>0</tf:single-line>
          <tf:var-loc enabled="false" />
          <tf:context enabled="true" val="1" disp="Low" />
          <tf:preprocess enabled="false" type="none" />
        </tf:recognition>
        <tf:store-val>true</tf:store-val>
        <tf:store-sepr>false</tf:store-sepr>
        <tf:validation>
          <tf:data-review enabled="false" />
          <tf:double-key enabled="false" />
          <tf:always-review enabled="false" />
          <tf:dictionary enabled="false" />
          <tf:lookup enabled="false" />
        </tf:validation>
        <tf:mark-line width="15">form level</tf:mark-line>
        <tf:dropout>false</tf:dropout>
      </tf:object>
      <Validation enabled="false" />
      <ProfileField enabled="false" />
      <Pos height="6350" width="59791" y="29083" x="41630" />
      <Description>MRN</Description>
      <MaxLen>30</MaxLen>
      <ReadOnly>false</ReadOnly>
      <InitValue>%MRN%</InitValue>
      <DataStorage>
        <StripTemplateChars>true</StripTemplateChars>
        <DefaultValue></DefaultValue>
      </DataStorage>
      <Font size="3881" bold="false" italic="false" underline="false" strikeout="false" charset="DEFAULT_CHARSET" color="#000000" face="Arial" />
      <BorderStyle top="false" bottom="false" left="false" right="false" sides="true">none</BorderStyle>
      <PenStyle color="#000000" width="381">invisible</PenStyle>
      <FillStyle fillcolor="#FFFFFF" patterncolor="#000000">hollow</FillStyle>
      <EntryRequired>false</EntryRequired>
      <CombOpt enabled="false">
        <SideHeight>100</SideHeight>
        <CombHeight>0</CombHeight>
      </CombOpt>
      <Entity name="Entry_Field6" type="EntryPart" tabstop="false" taborder="-1" field="false">
        <Pos height="6350" width="59791" y="29083" x="41630" />
        <Combs>30</Combs>
      </Entity>
      <Label enabled="false">
        <TextLoc>above</TextLoc>
        <TextAlign>min</TextAlign>
        <Spacing>2540</Spacing>
      </Label>
      <Format>TextFormat</Format>
      <TextFormat>
        <MinLen enforced="false">0</MinLen>
        <MaxLen enforced="false">0</MaxLen>
        <CaseConversion>none</CaseConversion>
        <MultiLine>false</MultiLine>
        <Password>false</Password>
        <FieldLen>30</FieldLen>
        <AllowedChars spaces="true" special="true">alphanum</AllowedChars>
      </TextFormat>
    </Entity>

<!--Image Zone(VisitDate_3_2)-->
    <Entity name="VisitDate_3_2" type="Entry" tabstop="true" taborder="46" field="true">
      <tf:object id="VisitDate_3_2" type="Image Zone" longid="VisitDate_3_2">
        <tf:bounds height="6375" width="60375" y="42265" x="41071" />
        <tf:markrect height="6375" width="60375" y="42265" x="41071" />
        <tf:treat-as-text>true</tf:treat-as-text>
        <tf:recognition>
          <tf:rec-type></tf:rec-type>
          <tf:force-upper>false</tf:force-upper>
          <tf:context enabled="true" val="1" disp="Low" />
          <tf:preprocess enabled="false" type="none" />
        </tf:recognition>
        <tf:store-val>true</tf:store-val>
        <tf:store-sepr>false</tf:store-sepr>
        <tf:validation>
          <tf:data-review enabled="false" />
          <tf:double-key enabled="false" />
          <tf:always-review enabled="false" />
          <tf:dictionary enabled="false" />
          <tf:lookup enabled="false" />
        </tf:validation>
        <tf:mark-line width="15">form level</tf:mark-line>
        <tf:dropout>false</tf:dropout>
      </tf:object>
      <Validation enabled="false" />
      <ProfileField enabled="false" />
      <Pos height="6350" width="60350" y="42265" x="41071" />
      <Description>date</Description>
      <MaxLen>30</MaxLen>
      <ReadOnly>false</ReadOnly>
      <InitValue>%VisitDate%</InitValue>
      <DataStorage>
        <StripTemplateChars>true</StripTemplateChars>
        <DefaultValue></DefaultValue>
      </DataStorage>
      <Font size="3881" bold="false" italic="false" underline="false" strikeout="false" charset="DEFAULT_CHARSET" color="#000000" face="Arial" />
      <BorderStyle top="false" bottom="false" left="false" right="false" sides="true">none</BorderStyle>
      <PenStyle color="#000000" width="381">invisible</PenStyle>
      <FillStyle fillcolor="#FFFFFF" patterncolor="#000000">hollow</FillStyle>
      <EntryRequired>false</EntryRequired>
      <CombOpt enabled="false">
        <SideHeight>100</SideHeight>
        <CombHeight>0</CombHeight>
      </CombOpt>
      <Entity name="Entry_Field7" type="EntryPart" tabstop="false" taborder="-1" field="false">
        <Pos height="6350" width="60350" y="42265" x="41071" />
        <Combs>30</Combs>
      </Entity>
      <Label enabled="false">
        <TextLoc>above</TextLoc>
        <TextAlign>min</TextAlign>
        <Spacing>2540</Spacing>
      </Label>
      <Format>TextFormat</Format>
      <TextFormat>
        <MinLen enforced="false">0</MinLen>
        <MaxLen enforced="false">0</MaxLen>
        <CaseConversion>none</CaseConversion>
        <MultiLine>false</MultiLine>
        <Password>false</Password>
        <FieldLen>30</FieldLen>
        <AllowedChars spaces="true" special="true">alphanum</AllowedChars>
      </TextFormat>
    </Entity>

<!--Rectangle()-->
    <Entity name="" type="Rectangle" tabstop="false" taborder="-1" field="false">
      <tf:object id="" type="Rectangle" longid="" />
      <PenStyle color="#008000" width="762">solid</PenStyle>
      <FillStyle fillcolor="#FFFFFF" patterncolor="#008000">hollow</FillStyle>
      <BorderStyle top="true" bottom="true" left="true" right="true" sides="true">flat</BorderStyle>
      <CornerStyle>
        <Radius>10</Radius>
        <RoundCorners>false</RoundCorners>
      </CornerStyle>
      <Pos height="48056" width="168706" y="81102" x="31648" />
    </Entity>

<!--Text-->
    <Entity name="text6" type="Text" tabstop="false" taborder="-1" field="false">
      <tf:object id="" type="Text" longid="" />
      <Pos height="40995" width="50469" y="81965" x="33350" />
      <FillStyle fillcolor="#000000" patterncolor="#000000">hollow</FillStyle>
      <CSRichText units-per-inch="25400" block-valign="top" font-size="3528" font-family="Arial" font-weight="bold" color="#008000">
        <Paragraph text-align="left">
          <Span>ZONA VERDE -Pase</Span>
        </Paragraph>
        <Paragraph text-align="left">
          <Span> </Span>
        </Paragraph>
        <Paragraph text-align="left">
          <Span>Respiracion es buena~ No tos o silbidos depecho~ Puede trabajar y jugar</Span>
        </Paragraph>
      </CSRichText>
    </Entity>

<!--Rectangle()-->
    <Entity name="" type="Rectangle" tabstop="false" taborder="-1" field="false">
      <tf:object id="" type="Rectangle" longid="" />
      <PenStyle color="#FF0000" width="0">solid</PenStyle>
      <FillStyle fillcolor="#FF0000" patterncolor="#FF0000">solid</FillStyle>
      <BorderStyle top="true" bottom="true" left="true" right="true" sides="true">flat</BorderStyle>
      <CornerStyle>
        <Radius>10</Radius>
        <RoundCorners>false</RoundCorners>
      </CornerStyle>
      <Pos height="56769" width="12700" y="171805" x="18923" />
    </Entity>

<!--Rectangle()-->
    <Entity name="" type="Rectangle" tabstop="false" taborder="-1" field="false">
      <tf:object id="" type="Rectangle" longid="" />
      <PenStyle color="#FFFF00" width="0">solid</PenStyle>
      <FillStyle fillcolor="#FFFF00" patterncolor="#FFFF00">solid</FillStyle>
      <BorderStyle top="true" bottom="true" left="true" right="true" sides="true">flat</BorderStyle>
      <CornerStyle>
        <Radius>10</Radius>
        <RoundCorners>false</RoundCorners>
      </CornerStyle>
      <Pos height="42951" width="12700" y="129133" x="18923" />
    </Entity>

<!--Rectangle()-->
    <Entity name="" type="Rectangle" tabstop="false" taborder="-1" field="false">
      <tf:object id="" type="Rectangle" longid="" />
      <PenStyle color="#008000" width="0">solid</PenStyle>
      <FillStyle fillcolor="#008000" patterncolor="#008000">solid</FillStyle>
      <BorderStyle top="true" bottom="true" left="true" right="true" sides="true">flat</BorderStyle>
      <CornerStyle>
        <Radius>10</Radius>
        <RoundCorners>false</RoundCorners>
      </CornerStyle>
      <Pos height="48310" width="12700" y="80822" x="18923" />
    </Entity>

<!--Rectangle()-->
    <Entity name="" type="Rectangle" tabstop="false" taborder="-1" field="false">
      <tf:object id="" type="Rectangle" longid="" />
      <PenStyle color="#FFFF00" width="0">solid</PenStyle>
      <FillStyle fillcolor="#FFFF00" patterncolor="#FFFF00">solid</FillStyle>
      <BorderStyle top="true" bottom="true" left="true" right="true" sides="true">flat</BorderStyle>
      <CornerStyle>
        <Radius>10</Radius>
        <RoundCorners>false</RoundCorners>
      </CornerStyle>
      <Pos height="43789" width="2540" y="129159" x="200355" />
    </Entity>

<!--Rectangle()-->
    <Entity name="" type="Rectangle" tabstop="false" taborder="-1" field="false">
      <tf:object id="" type="Rectangle" longid="" />
      <PenStyle color="#FF0000" width="0">solid</PenStyle>
      <FillStyle fillcolor="#FF0000" patterncolor="#FF0000">solid</FillStyle>
      <BorderStyle top="true" bottom="true" left="true" right="true" sides="true">flat</BorderStyle>
      <CornerStyle>
        <Radius>10</Radius>
        <RoundCorners>false</RoundCorners>
      </CornerStyle>
      <Pos height="56489" width="3124" y="172085" x="199796" />
    </Entity>

<!--Rectangle()-->
    <Entity name="" type="Rectangle" tabstop="false" taborder="-1" field="false">
      <tf:object id="" type="Rectangle" longid="" />
      <PenStyle color="#008000" width="0">solid</PenStyle>
      <FillStyle fillcolor="#008000" patterncolor="#008000">solid</FillStyle>
      <BorderStyle top="true" bottom="true" left="true" right="true" sides="true">flat</BorderStyle>
      <CornerStyle>
        <Radius>10</Radius>
        <RoundCorners>false</RoundCorners>
      </CornerStyle>
      <Pos height="48336" width="2540" y="80822" x="200355" />
    </Entity>

<!--Rectangle()-->
    <Entity name="" type="Rectangle" tabstop="false" taborder="-1" field="false">
      <tf:object id="" type="Rectangle" longid="" />
      <PenStyle color="#FFFF00" width="762">solid</PenStyle>
      <FillStyle fillcolor="#FFFFFF" patterncolor="#FFFF00">hollow</FillStyle>
      <BorderStyle top="true" bottom="true" left="true" right="true" sides="true">flat</BorderStyle>
      <CornerStyle>
        <Radius>10</Radius>
        <RoundCorners>false</RoundCorners>
      </CornerStyle>
      <Pos height="42367" width="168148" y="129438" x="32207" />
    </Entity>

<!--Rectangle()-->
    <Entity name="" type="Rectangle" tabstop="false" taborder="-1" field="false">
      <tf:object id="" type="Rectangle" longid="" />
      <PenStyle color="#FF0000" width="762">solid</PenStyle>
      <FillStyle fillcolor="#FFFFFF" patterncolor="#FF0000">hollow</FillStyle>
      <BorderStyle top="true" bottom="true" left="true" right="true" sides="true">flat</BorderStyle>
      <CornerStyle>
        <Radius>10</Radius>
        <RoundCorners>false</RoundCorners>
      </CornerStyle>
      <Pos height="55930" width="168427" y="172364" x="31648" />
    </Entity>

<!--Rectangle()-->
    <Entity name="" type="Rectangle" tabstop="false" taborder="-1" field="false">
      <tf:object id="" type="Rectangle" longid="" />
      <PenStyle color="#008000" width="762">solid</PenStyle>
      <FillStyle fillcolor="#FFFFFF" patterncolor="#008000">hollow</FillStyle>
      <BorderStyle top="true" bottom="true" left="true" right="true" sides="true">flat</BorderStyle>
      <CornerStyle>
        <Radius>10</Radius>
        <RoundCorners>false</RoundCorners>
      </CornerStyle>
      <Pos height="47777" width="168148" y="81102" x="31927" />
    </Entity>

<!--Horizontal/Vertical Line()-->
    <Entity name="" type="Line" tabstop="false" taborder="-1" field="false">
      <tf:object id="" type="Horizontal/Vertical Line" longid="" />
      <PenStyle color="#008000" width="762">solid</PenStyle>
      <Pos height="46913" width="0" y="81102" x="87604" />
      <X1>87604</X1>
      <Y1>81102</Y1>
      <X2>87604</X2>
      <Y2>128016</Y2>
    </Entity>

<!--Horizontal/Vertical Line()-->
    <Entity name="" type="Line" tabstop="false" taborder="-1" field="false">
      <tf:object id="" type="Horizontal/Vertical Line" longid="" />
      <PenStyle color="#FFFF00" width="762">solid</PenStyle>
      <Pos height="42087" width="0" y="129438" x="87604" />
      <X1>87604</X1>
      <Y1>129438</Y1>
      <X2>87604</X2>
      <Y2>171526</Y2>
    </Entity>

<!--Horizontal/Vertical Line()-->
    <Entity name="" type="Line" tabstop="false" taborder="-1" field="false">
      <tf:object id="" type="Horizontal/Vertical Line" longid="" />
      <PenStyle color="#FF0000" width="762">solid</PenStyle>
      <Pos height="55118" width="0" y="172643" x="87884" />
      <X1>87884</X1>
      <Y1>172643</Y1>
      <X2>87884</X2>
      <Y2>227761</Y2>
    </Entity>

<!--Text-->
    <Entity name="text7" type="Text" tabstop="false" taborder="-1" field="false">
      <tf:object id="" type="Text" longid="" />
      <Pos height="5791" width="15189" y="29641" x="23876" />
      <FillStyle fillcolor="#000000" patterncolor="#000000">hollow</FillStyle>
      <CSRichText units-per-inch="25400" block-valign="top" font-size="4939" font-family="Times New Roman" font-weight="normal" color="#000000">
        <Paragraph text-align="left">
          <Span>MR#:</Span>
        </Paragraph>
      </CSRichText>
    </Entity>

<!--Text-->
    <Entity name="text8" type="Text" tabstop="false" taborder="-1" field="false">
      <tf:object id="" type="Text" longid="" />
      <Pos height="6832" width="17322" y="36042" x="23876" />
      <FillStyle fillcolor="#000000" patterncolor="#000000">hollow</FillStyle>
      <CSRichText units-per-inch="25400" block-valign="top" font-size="4939" font-family="Times New Roman" font-weight="normal" color="#000000">
        <Paragraph text-align="left">
          <Span>Doctor:</Span>
        </Paragraph>
      </CSRichText>
    </Entity>

<!--Text-->
    <Entity name="text9" type="Text" tabstop="false" taborder="-1" field="false">
      <tf:object id="" type="Text" longid="" />
      <Pos height="6832" width="17322" y="42418" x="24028" />
      <FillStyle fillcolor="#000000" patterncolor="#000000">hollow</FillStyle>
      <CSRichText units-per-inch="25400" block-valign="top" font-size="4939" font-family="Times New Roman" font-weight="normal" color="#000000">
        <Paragraph text-align="left">
          <Span>Fecha:</Span>
        </Paragraph>
      </CSRichText>
    </Entity>

<!--Text-->
    <Entity name="text10" type="Text" tabstop="false" taborder="-1" field="false">
      <tf:object id="" type="Text" longid="" />
      <Pos height="6832" width="74193" y="49580" x="23571" />
      <FillStyle fillcolor="#000000" patterncolor="#000000">hollow</FillStyle>
      <CSRichText units-per-inch="25400" block-valign="top" font-size="4939" font-family="Times New Roman" font-weight="normal" color="#000000">
        <Paragraph text-align="left">
          <Span>Clinica Telefono: (317) 692-2306</Span>
        </Paragraph>
      </CSRichText>
    </Entity>

<!--Text-->
    <Entity name="text11" type="Text" tabstop="false" taborder="-1" field="false">
      <tf:object id="" type="Text" longid="" />
      <Pos height="6832" width="76174" y="55956" x="23876" />
      <FillStyle fillcolor="#000000" patterncolor="#000000">hollow</FillStyle>
      <CSRichText units-per-inch="25400" block-valign="top" font-size="4939" font-family="Times New Roman" font-weight="normal" color="#000000">
        <Paragraph text-align="left">
          <Span>Emergencia: 911</Span>
        </Paragraph>
      </CSRichText>
    </Entity>
  </Page>

<!--end -->

<!--(2)-->
  <Page index="3">
    <Name>Page 3</Name>
    <Width>215900</Width>
    <Height>279400</Height>
    <BackColor>#FFFFFF</BackColor>
    <ImageUse>stretch</ImageUse>
    <Image width="215900" height="279400">3019530003.bmp</Image>
    <Margin enabled="true">
      <Left>8890</Left>
      <Right>8890</Right>
      <Top>8890</Top>
      <Bottom>8890</Bottom>
    </Margin>

<!--Image Zone(PatientName_2)-->
    <Entity name="PatientName_2" type="Entry" tabstop="true" taborder="35" field="true">
      <tf:object id="PatientName_2" type="Image Zone" longid="PatientName_2">
        <tf:bounds height="6375" width="76479" y="21183" x="28549" />
        <tf:markrect height="6375" width="76479" y="21183" x="28549" />
        <tf:treat-as-text>true</tf:treat-as-text>
        <tf:recognition>
          <tf:rec-type>machine print</tf:rec-type>
          <tf:force-upper>false</tf:force-upper>
          <tf:rec-chars upper="true" lower="true">alpha/numeric</tf:rec-chars>
          <tf:punctuation>true</tf:punctuation>
          <tf:special-chars>true</tf:special-chars>
          <tf:conf val="80">form level</tf:conf>
          <tf:perf-lvl val="1">form level</tf:perf-lvl>
          <tf:auto-lvl val="1">form level</tf:auto-lvl>
          <tf:rec-lang default="true" intval="1">English</tf:rec-lang>
          <tf:rec-font default="true" intval="0">Auto</tf:rec-font>
          <tf:single-line>0</tf:single-line>
          <tf:var-loc enabled="false" />
          <tf:context enabled="true" val="1" disp="Low" />
          <tf:preprocess enabled="false" type="none" />
        </tf:recognition>
        <tf:store-val>true</tf:store-val>
        <tf:store-sepr>false</tf:store-sepr>
        <tf:validation>
          <tf:data-review enabled="false" />
          <tf:double-key enabled="false" />
          <tf:always-review enabled="false" />
          <tf:dictionary enabled="false" />
          <tf:lookup enabled="false" />
        </tf:validation>
        <tf:mark-line width="15">form level</tf:mark-line>
        <tf:dropout>false</tf:dropout>
      </tf:object>
      <Validation enabled="false" />
      <ProfileField enabled="false" />
      <Pos height="6350" width="76454" y="21183" x="28549" />
      <Description></Description>
      <MaxLen>30</MaxLen>
      <ReadOnly>false</ReadOnly>
      <InitValue>%PatientName%</InitValue>
      <DataStorage>
        <StripTemplateChars>true</StripTemplateChars>
        <DefaultValue></DefaultValue>
      </DataStorage>
      <Font size="3881" bold="false" italic="false" underline="false" strikeout="false" charset="DEFAULT_CHARSET" color="#000000" face="Arial" />
      <BorderStyle top="false" bottom="false" left="false" right="false" sides="true">none</BorderStyle>
      <PenStyle color="#000000" width="381">invisible</PenStyle>
      <FillStyle fillcolor="#FFFFFF" patterncolor="#000000">hollow</FillStyle>
      <EntryRequired>false</EntryRequired>
      <CombOpt enabled="false">
        <SideHeight>100</SideHeight>
        <CombHeight>0</CombHeight>
      </CombOpt>
      <Entity name="Entry_Field8" type="EntryPart" tabstop="false" taborder="-1" field="false">
        <Pos height="6350" width="76454" y="21183" x="28549" />
        <Combs>30</Combs>
      </Entity>
      <Label enabled="false">
        <TextLoc>above</TextLoc>
        <TextAlign>min</TextAlign>
        <Spacing>2540</Spacing>
      </Label>
      <Format>TextFormat</Format>
      <TextFormat>
        <MinLen enforced="false">0</MinLen>
        <MaxLen enforced="false">0</MaxLen>
        <CaseConversion>none</CaseConversion>
        <MultiLine>false</MultiLine>
        <Password>false</Password>
        <FieldLen>30</FieldLen>
        <AllowedChars spaces="true" special="true">alphanum</AllowedChars>
      </TextFormat>
    </Entity>

<!--Image Zone(MRN_2)-->
    <Entity name="MRN_2" type="Entry" tabstop="true" taborder="36" field="true">
      <tf:object id="MRN_2" type="Image Zone" longid="MRN_2">
        <tf:bounds height="6375" width="59817" y="27940" x="44678" />
        <tf:markrect height="6375" width="59817" y="27940" x="44678" />
        <tf:treat-as-text>true</tf:treat-as-text>
        <tf:recognition>
          <tf:rec-type>machine print</tf:rec-type>
          <tf:force-upper>false</tf:force-upper>
          <tf:rec-chars upper="true" lower="true">alpha/numeric</tf:rec-chars>
          <tf:punctuation>true</tf:punctuation>
          <tf:special-chars>true</tf:special-chars>
          <tf:conf val="80">form level</tf:conf>
          <tf:perf-lvl val="1">form level</tf:perf-lvl>
          <tf:auto-lvl val="1">form level</tf:auto-lvl>
          <tf:rec-lang default="true" intval="1">English</tf:rec-lang>
          <tf:rec-font default="true" intval="0">Auto</tf:rec-font>
          <tf:single-line>0</tf:single-line>
          <tf:var-loc enabled="false" />
          <tf:context enabled="true" val="1" disp="Low" />
          <tf:preprocess enabled="false" type="none" />
        </tf:recognition>
        <tf:store-val>true</tf:store-val>
        <tf:store-sepr>false</tf:store-sepr>
        <tf:validation>
          <tf:data-review enabled="false" />
          <tf:double-key enabled="false" />
          <tf:always-review enabled="false" />
          <tf:dictionary enabled="false" />
          <tf:lookup enabled="false" />
        </tf:validation>
        <tf:mark-line width="15">form level</tf:mark-line>
        <tf:dropout>false</tf:dropout>
      </tf:object>
      <Validation enabled="false" />
      <ProfileField enabled="false" />
      <Pos height="6350" width="59791" y="27940" x="44678" />
      <Description>MRN</Description>
      <MaxLen>30</MaxLen>
      <ReadOnly>false</ReadOnly>
      <InitValue>%MRN%</InitValue>
      <DataStorage>
        <StripTemplateChars>true</StripTemplateChars>
        <DefaultValue></DefaultValue>
      </DataStorage>
      <Font size="3881" bold="false" italic="false" underline="false" strikeout="false" charset="DEFAULT_CHARSET" color="#000000" face="Arial" />
      <BorderStyle top="false" bottom="false" left="false" right="false" sides="true">none</BorderStyle>
      <PenStyle color="#000000" width="381">invisible</PenStyle>
      <FillStyle fillcolor="#FFFFFF" patterncolor="#000000">hollow</FillStyle>
      <EntryRequired>false</EntryRequired>
      <CombOpt enabled="false">
        <SideHeight>100</SideHeight>
        <CombHeight>0</CombHeight>
      </CombOpt>
      <Entity name="Entry_Field9" type="EntryPart" tabstop="false" taborder="-1" field="false">
        <Pos height="6350" width="59791" y="27940" x="44678" />
        <Combs>30</Combs>
      </Entity>
      <Label enabled="false">
        <TextLoc>above</TextLoc>
        <TextAlign>min</TextAlign>
        <Spacing>2540</Spacing>
      </Label>
      <Format>TextFormat</Format>
      <TextFormat>
        <MinLen enforced="false">0</MinLen>
        <MaxLen enforced="false">0</MaxLen>
        <CaseConversion>none</CaseConversion>
        <MultiLine>false</MultiLine>
        <Password>false</Password>
        <FieldLen>30</FieldLen>
        <AllowedChars spaces="true" special="true">alphanum</AllowedChars>
      </TextFormat>
    </Entity>

<!--Image Zone(Doctor_2)-->
    <Entity name="Doctor_2" type="Entry" tabstop="true" taborder="37" field="true">
      <tf:object id="Doctor_2" type="Image Zone" longid="Doctor_2">
        <tf:bounds height="6375" width="60096" y="34671" x="44678" />
        <tf:markrect height="6375" width="60096" y="34671" x="44678" />
        <tf:treat-as-text>true</tf:treat-as-text>
        <tf:recognition>
          <tf:rec-type>machine print</tf:rec-type>
          <tf:force-upper>false</tf:force-upper>
          <tf:rec-chars upper="true" lower="true">alpha/numeric</tf:rec-chars>
          <tf:punctuation>true</tf:punctuation>
          <tf:special-chars>true</tf:special-chars>
          <tf:conf val="80">form level</tf:conf>
          <tf:perf-lvl val="1">form level</tf:perf-lvl>
          <tf:auto-lvl val="1">form level</tf:auto-lvl>
          <tf:rec-lang default="true" intval="1">English</tf:rec-lang>
          <tf:rec-font default="true" intval="0">Auto</tf:rec-font>
          <tf:single-line>0</tf:single-line>
          <tf:var-loc enabled="false" />
          <tf:context enabled="true" val="1" disp="Low" />
          <tf:preprocess enabled="false" type="none" />
        </tf:recognition>
        <tf:store-val>true</tf:store-val>
        <tf:store-sepr>false</tf:store-sepr>
        <tf:validation>
          <tf:data-review enabled="false" />
          <tf:double-key enabled="false" />
          <tf:always-review enabled="false" />
          <tf:dictionary enabled="false" />
          <tf:lookup enabled="false" />
        </tf:validation>
        <tf:mark-line width="15">form level</tf:mark-line>
        <tf:dropout>false</tf:dropout>
      </tf:object>
      <Validation enabled="false" />
      <ProfileField enabled="false" />
      <Pos height="6350" width="60071" y="34671" x="44678" />
      <Description>Doctor</Description>
      <MaxLen>30</MaxLen>
      <ReadOnly>false</ReadOnly>
      <InitValue>%Doctor%</InitValue>
      <DataStorage>
        <StripTemplateChars>true</StripTemplateChars>
        <DefaultValue></DefaultValue>
      </DataStorage>
      <Font size="3881" bold="false" italic="false" underline="false" strikeout="false" charset="DEFAULT_CHARSET" color="#000000" face="Arial" />
      <BorderStyle top="false" bottom="false" left="false" right="false" sides="true">none</BorderStyle>
      <PenStyle color="#000000" width="381">invisible</PenStyle>
      <FillStyle fillcolor="#FFFFFF" patterncolor="#000000">hollow</FillStyle>
      <EntryRequired>false</EntryRequired>
      <CombOpt enabled="false">
        <SideHeight>100</SideHeight>
        <CombHeight>0</CombHeight>
      </CombOpt>
      <Entity name="Entry_Field10" type="EntryPart" tabstop="false" taborder="-1" field="false">
        <Pos height="6350" width="60071" y="34671" x="44678" />
        <Combs>30</Combs>
      </Entity>
      <Label enabled="false">
        <TextLoc>above</TextLoc>
        <TextAlign>min</TextAlign>
        <Spacing>2540</Spacing>
      </Label>
      <Format>TextFormat</Format>
      <TextFormat>
        <MinLen enforced="false">0</MinLen>
        <MaxLen enforced="false">0</MaxLen>
        <CaseConversion>none</CaseConversion>
        <MultiLine>false</MultiLine>
        <Password>false</Password>
        <FieldLen>30</FieldLen>
        <AllowedChars spaces="true" special="true">alphanum</AllowedChars>
      </TextFormat>
    </Entity>

<!--Image Zone(VisitDate_2)-->
    <Entity name="VisitDate_2" type="Entry" tabstop="true" taborder="38" field="true">
      <tf:object id="VisitDate_2" type="Image Zone" longid="VisitDate_2">
        <tf:bounds height="6477" width="59563" y="41427" x="44399" />
        <tf:markrect height="6477" width="59563" y="41427" x="44399" />
        <tf:treat-as-text>true</tf:treat-as-text>
        <tf:recognition>
          <tf:rec-type>machine print</tf:rec-type>
          <tf:force-upper>false</tf:force-upper>
          <tf:rec-chars upper="true" lower="true">alpha/numeric</tf:rec-chars>
          <tf:punctuation>true</tf:punctuation>
          <tf:special-chars>true</tf:special-chars>
          <tf:conf val="80">form level</tf:conf>
          <tf:perf-lvl val="1">form level</tf:perf-lvl>
          <tf:auto-lvl val="1">form level</tf:auto-lvl>
          <tf:rec-lang default="true" intval="1">English</tf:rec-lang>
          <tf:rec-font default="true" intval="0">Auto</tf:rec-font>
          <tf:single-line>0</tf:single-line>
          <tf:var-loc enabled="false" />
          <tf:context enabled="true" val="1" disp="Low" />
          <tf:preprocess enabled="false" type="none" />
        </tf:recognition>
        <tf:store-val>true</tf:store-val>
        <tf:store-sepr>false</tf:store-sepr>
        <tf:validation>
          <tf:data-review enabled="false" />
          <tf:double-key enabled="false" />
          <tf:always-review enabled="false" />
          <tf:dictionary enabled="false" />
          <tf:lookup enabled="false" />
        </tf:validation>
        <tf:mark-line width="15">form level</tf:mark-line>
        <tf:dropout>false</tf:dropout>
      </tf:object>
      <Validation enabled="false" />
      <ProfileField enabled="false" />
      <Pos height="6451" width="59537" y="41427" x="44399" />
      <Description></Description>
      <MaxLen>30</MaxLen>
      <ReadOnly>false</ReadOnly>
      <InitValue>%VisitDate%</InitValue>
      <DataStorage>
        <StripTemplateChars>true</StripTemplateChars>
        <DefaultValue></DefaultValue>
      </DataStorage>
      <Font size="3881" bold="false" italic="false" underline="false" strikeout="false" charset="DEFAULT_CHARSET" color="#000000" face="Arial" />
      <BorderStyle top="false" bottom="false" left="false" right="false" sides="true">none</BorderStyle>
      <PenStyle color="#000000" width="381">invisible</PenStyle>
      <FillStyle fillcolor="#FFFFFF" patterncolor="#000000">hollow</FillStyle>
      <EntryRequired>false</EntryRequired>
      <CombOpt enabled="false">
        <SideHeight>100</SideHeight>
        <CombHeight>0</CombHeight>
      </CombOpt>
      <Entity name="Entry_Field11" type="EntryPart" tabstop="false" taborder="-1" field="false">
        <Pos height="6451" width="59537" y="41427" x="44399" />
        <Combs>30</Combs>
      </Entity>
      <Label enabled="false">
        <TextLoc>above</TextLoc>
        <TextAlign>min</TextAlign>
        <Spacing>2540</Spacing>
      </Label>
      <Format>TextFormat</Format>
      <TextFormat>
        <MinLen enforced="false">0</MinLen>
        <MaxLen enforced="false">0</MaxLen>
        <CaseConversion>none</CaseConversion>
        <MultiLine>false</MultiLine>
        <Password>false</Password>
        <FieldLen>30</FieldLen>
        <AllowedChars spaces="true" special="true">alphanum</AllowedChars>
      </TextFormat>
    </Entity>

<!--Rectangle()-->
    <Entity name="" type="Rectangle" tabstop="false" taborder="-1" field="false">
      <tf:object id="" type="Rectangle" longid="" />
      <PenStyle color="#FFFF00" width="0">solid</PenStyle>
      <FillStyle fillcolor="#FFFF00" patterncolor="#FFFF00">solid</FillStyle>
      <BorderStyle top="true" bottom="true" left="true" right="true" sides="true">flat</BorderStyle>
      <CornerStyle>
        <Radius>10</Radius>
        <RoundCorners>false</RoundCorners>
      </CornerStyle>
      <Pos height="43535" width="2540" y="129692" x="201472" />
    </Entity>

<!--Rectangle()-->
    <Entity name="" type="Rectangle" tabstop="false" taborder="-1" field="false">
      <tf:object id="" type="Rectangle" longid="" />
      <PenStyle color="#FF0000" width="0">solid</PenStyle>
      <FillStyle fillcolor="#FF0000" patterncolor="#FF0000">solid</FillStyle>
      <BorderStyle top="true" bottom="true" left="true" right="true" sides="true">flat</BorderStyle>
      <CornerStyle>
        <Radius>10</Radius>
        <RoundCorners>false</RoundCorners>
      </CornerStyle>
      <Pos height="56769" width="2844" y="172948" x="201193" />
    </Entity>

<!--Rectangle()-->
    <Entity name="" type="Rectangle" tabstop="false" taborder="-1" field="false">
      <tf:object id="" type="Rectangle" longid="" />
      <PenStyle color="#008000" width="0">solid</PenStyle>
      <FillStyle fillcolor="#008000" patterncolor="#008000">solid</FillStyle>
      <BorderStyle top="true" bottom="true" left="true" right="true" sides="true">flat</BorderStyle>
      <CornerStyle>
        <Radius>10</Radius>
        <RoundCorners>false</RoundCorners>
      </CornerStyle>
      <Pos height="48310" width="2540" y="81381" x="201472" />
    </Entity>

<!--Rectangle()-->
    <Entity name="" type="Rectangle" tabstop="false" taborder="-1" field="false">
      <tf:object id="" type="Rectangle" longid="" />
      <PenStyle color="#008000" width="0">solid</PenStyle>
      <FillStyle fillcolor="#008000" patterncolor="#008000">solid</FillStyle>
      <BorderStyle top="true" bottom="true" left="true" right="true" sides="true">flat</BorderStyle>
      <CornerStyle>
        <Radius>10</Radius>
        <RoundCorners>false</RoundCorners>
      </CornerStyle>
      <Pos height="48336" width="12700" y="81381" x="20066" />
    </Entity>

<!--Rectangle()-->
    <Entity name="" type="Rectangle" tabstop="false" taborder="-1" field="false">
      <tf:object id="" type="Rectangle" longid="" />
      <PenStyle color="#FFFF00" width="0">solid</PenStyle>
      <FillStyle fillcolor="#FFFF00" patterncolor="#FFFF00">solid</FillStyle>
      <BorderStyle top="true" bottom="true" left="true" right="true" sides="true">flat</BorderStyle>
      <CornerStyle>
        <Radius>10</Radius>
        <RoundCorners>false</RoundCorners>
      </CornerStyle>
      <Pos height="43230" width="12700" y="129717" x="20066" />
    </Entity>

<!--Rectangle()-->
    <Entity name="" type="Rectangle" tabstop="false" taborder="-1" field="false">
      <tf:object id="" type="Rectangle" longid="" />
      <PenStyle color="#FF0000" width="0">solid</PenStyle>
      <FillStyle fillcolor="#FF0000" patterncolor="#FF0000">solid</FillStyle>
      <BorderStyle top="true" bottom="true" left="true" right="true" sides="true">flat</BorderStyle>
      <CornerStyle>
        <Radius>10</Radius>
        <RoundCorners>false</RoundCorners>
      </CornerStyle>
      <Pos height="56769" width="12700" y="172948" x="20066" />
    </Entity>

<!--Rectangle()-->
    <Entity name="" type="Rectangle" tabstop="false" taborder="-1" field="false">
      <tf:object id="" type="Rectangle" longid="" />
      <PenStyle color="#008000" width="762">solid</PenStyle>
      <FillStyle fillcolor="#FFFFFF" patterncolor="#008000">hollow</FillStyle>
      <BorderStyle top="true" bottom="true" left="true" right="true" sides="true">flat</BorderStyle>
      <CornerStyle>
        <Radius>10</Radius>
        <RoundCorners>false</RoundCorners>
      </CornerStyle>
      <Pos height="47752" width="169570" y="81661" x="32207" />
    </Entity>

<!--Rectangle()-->
    <Entity name="" type="Rectangle" tabstop="false" taborder="-1" field="false">
      <tf:object id="" type="Rectangle" longid="" />
      <PenStyle color="#FFFF00" width="762">solid</PenStyle>
      <FillStyle fillcolor="#FFFFFF" patterncolor="#FFFF00">hollow</FillStyle>
      <BorderStyle top="true" bottom="true" left="true" right="true" sides="true">flat</BorderStyle>
      <CornerStyle>
        <Radius>10</Radius>
        <RoundCorners>false</RoundCorners>
      </CornerStyle>
      <Pos height="42697" width="169291" y="129971" x="32207" />
    </Entity>

<!--Rectangle()-->
    <Entity name="" type="Rectangle" tabstop="false" taborder="-1" field="false">
      <tf:object id="" type="Rectangle" longid="" />
      <PenStyle color="#FF0000" width="762">solid</PenStyle>
      <FillStyle fillcolor="#FFFFFF" patterncolor="#FF0000">hollow</FillStyle>
      <BorderStyle top="true" bottom="true" left="true" right="true" sides="true">flat</BorderStyle>
      <CornerStyle>
        <Radius>10</Radius>
        <RoundCorners>false</RoundCorners>
      </CornerStyle>
      <Pos height="56235" width="169849" y="173228" x="31927" />
    </Entity>

<!--Horizontal/Vertical Line()-->
    <Entity name="" type="Line" tabstop="false" taborder="-1" field="false">
      <tf:object id="" type="Horizontal/Vertical Line" longid="" />
      <PenStyle color="#008000" width="762">solid</PenStyle>
      <Pos height="47193" width="0" y="81661" x="88442" />
      <X1>88442</X1>
      <Y1>81661</Y1>
      <X2>88442</X2>
      <Y2>128854</Y2>
    </Entity>

<!--Horizontal/Vertical Line()-->
    <Entity name="" type="Line" tabstop="false" taborder="-1" field="false">
      <tf:object id="" type="Horizontal/Vertical Line" longid="" />
      <PenStyle color="#FFFF00" width="762">solid</PenStyle>
      <Pos height="42392" width="0" y="129692" x="88442" />
      <X1>88442</X1>
      <Y1>129692</Y1>
      <X2>88442</X2>
      <Y2>172085</Y2>
    </Entity>

<!--Horizontal/Vertical Line()-->
    <Entity name="" type="Line" tabstop="false" taborder="-1" field="false">
      <tf:object id="" type="Horizontal/Vertical Line" longid="" />
      <PenStyle color="#FF0000" width="762">solid</PenStyle>
      <Pos height="55372" width="0" y="173507" x="88442" />
      <X1>88442</X1>
      <Y1>173507</Y1>
      <X2>88442</X2>
      <Y2>228879</Y2>
    </Entity>

<!--Text-->
    <Entity name="text12" type="Text" tabstop="false" taborder="-1" field="false">
      <tf:object id="" type="Text" longid="" />
      <Pos height="5791" width="15189" y="28727" x="27965" />
      <FillStyle fillcolor="#000000" patterncolor="#000000">hollow</FillStyle>
      <CSRichText units-per-inch="25400" block-valign="top" font-size="4939" font-family="Times New Roman" font-weight="normal" color="#000000">
        <Paragraph text-align="left">
          <Span>MRN:</Span>
        </Paragraph>
      </CSRichText>
    </Entity>

<!--Text-->
    <Entity name="text13" type="Text" tabstop="false" taborder="-1" field="false">
      <tf:object id="" type="Text" longid="" />
      <Pos height="6832" width="17322" y="35128" x="27965" />
      <FillStyle fillcolor="#000000" patterncolor="#000000">hollow</FillStyle>
      <CSRichText units-per-inch="25400" block-valign="top" font-size="4939" font-family="Times New Roman" font-weight="normal" color="#000000">
        <Paragraph text-align="left">
          <Span>Doctor:</Span>
        </Paragraph>
      </CSRichText>
    </Entity>

<!--Text-->
    <Entity name="text14" type="Text" tabstop="false" taborder="-1" field="false">
      <tf:object id="" type="Text" longid="" />
      <Pos height="6832" width="17322" y="41503" x="28117" />
      <FillStyle fillcolor="#000000" patterncolor="#000000">hollow</FillStyle>
      <CSRichText units-per-inch="25400" block-valign="top" font-size="4939" font-family="Times New Roman" font-weight="normal" color="#000000">
        <Paragraph text-align="left">
          <Span>Date:</Span>
        </Paragraph>
      </CSRichText>
    </Entity>

<!--Text-->
    <Entity name="text15" type="Text" tabstop="false" taborder="-1" field="false">
      <tf:object id="" type="Text" longid="" />
      <Pos height="6832" width="74193" y="48666" x="27660" />
      <FillStyle fillcolor="#000000" patterncolor="#000000">hollow</FillStyle>
      <CSRichText units-per-inch="25400" block-valign="top" font-size="4939" font-family="Times New Roman" font-weight="normal" color="#000000">
        <Paragraph text-align="left">
          <Span>Clinic Phone: (317) 692-2306</Span>
        </Paragraph>
      </CSRichText>
    </Entity>

<!--Text-->
    <Entity name="text16" type="Text" tabstop="false" taborder="-1" field="false">
      <tf:object id="" type="Text" longid="" />
      <Pos height="6832" width="76174" y="55041" x="27965" />
      <FillStyle fillcolor="#000000" patterncolor="#000000">hollow</FillStyle>
      <CSRichText units-per-inch="25400" block-valign="top" font-size="4939" font-family="Times New Roman" font-weight="normal" color="#000000">
        <Paragraph text-align="left">
          <Span>Emergency: 911</Span>
        </Paragraph>
      </CSRichText>
    </Entity>
  </Page>

<!--end -->

<!--(3)-->
  <Page index="4">
    <Name>Page 4</Name>
    <Width>215900</Width>
    <Height>279400</Height>
    <BackColor>#FFFFFF</BackColor>
    <ImageUse>stretch</ImageUse>
    <Image width="215900" height="279400">3019530004.bmp</Image>
    <Margin enabled="true">
      <Left>8890</Left>
      <Right>8890</Right>
      <Top>8890</Top>
      <Bottom>8890</Bottom>
    </Margin>
  </Page>

<!--end -->

<!--(4)-->
  <Page index="5">
    <Name>Page 5</Name>
    <Width>215900</Width>
    <Height>279400</Height>
    <BackColor>#FFFFFF</BackColor>
    <ImageUse>stretch</ImageUse>
    <Image width="215900" height="279400">3019530005.bmp</Image>
    <Margin enabled="true">
      <Left>8890</Left>
      <Right>8890</Right>
      <Top>8890</Top>
      <Bottom>8890</Bottom>
    </Margin>

<!--Image Zone(PatientName_3)-->
    <Entity name="PatientName_3" type="Entry" tabstop="true" taborder="39" field="true">
      <tf:object id="PatientName_3" type="Image Zone" longid="PatientName_3">
        <tf:bounds height="6375" width="76479" y="22326" x="23444" />
        <tf:markrect height="6375" width="76479" y="22326" x="23444" />
        <tf:treat-as-text>true</tf:treat-as-text>
        <tf:recognition>
          <tf:rec-type>machine print</tf:rec-type>
          <tf:force-upper>false</tf:force-upper>
          <tf:rec-chars upper="true" lower="true">alpha/numeric</tf:rec-chars>
          <tf:punctuation>true</tf:punctuation>
          <tf:special-chars>true</tf:special-chars>
          <tf:conf val="80">form level</tf:conf>
          <tf:perf-lvl val="1">form level</tf:perf-lvl>
          <tf:auto-lvl val="1">form level</tf:auto-lvl>
          <tf:rec-lang default="true" intval="1">English</tf:rec-lang>
          <tf:rec-font default="true" intval="0">Auto</tf:rec-font>
          <tf:single-line>0</tf:single-line>
          <tf:var-loc enabled="false" />
          <tf:context enabled="true" val="1" disp="Low" />
          <tf:preprocess enabled="false" type="none" />
        </tf:recognition>
        <tf:store-val>true</tf:store-val>
        <tf:store-sepr>false</tf:store-sepr>
        <tf:validation>
          <tf:data-review enabled="false" />
          <tf:double-key enabled="false" />
          <tf:always-review enabled="false" />
          <tf:dictionary enabled="false" />
          <tf:lookup enabled="false" />
        </tf:validation>
        <tf:mark-line width="15">form level</tf:mark-line>
        <tf:dropout>false</tf:dropout>
      </tf:object>
      <Validation enabled="false" />
      <ProfileField enabled="false" />
      <Pos height="6350" width="76454" y="22326" x="23444" />
      <Description></Description>
      <MaxLen>30</MaxLen>
      <ReadOnly>false</ReadOnly>
      <InitValue>%PatientName%</InitValue>
      <DataStorage>
        <StripTemplateChars>true</StripTemplateChars>
        <DefaultValue></DefaultValue>
      </DataStorage>
      <Font size="3881" bold="false" italic="false" underline="false" strikeout="false" charset="DEFAULT_CHARSET" color="#000000" face="Arial" />
      <BorderStyle top="false" bottom="false" left="false" right="false" sides="true">none</BorderStyle>
      <PenStyle color="#000000" width="381">invisible</PenStyle>
      <FillStyle fillcolor="#FFFFFF" patterncolor="#000000">hollow</FillStyle>
      <EntryRequired>false</EntryRequired>
      <CombOpt enabled="false">
        <SideHeight>100</SideHeight>
        <CombHeight>0</CombHeight>
      </CombOpt>
      <Entity name="Entry_Field12" type="EntryPart" tabstop="false" taborder="-1" field="false">
        <Pos height="6350" width="76454" y="22326" x="23444" />
        <Combs>30</Combs>
      </Entity>
      <Label enabled="false">
        <TextLoc>above</TextLoc>
        <TextAlign>min</TextAlign>
        <Spacing>2540</Spacing>
      </Label>
      <Format>TextFormat</Format>
      <TextFormat>
        <MinLen enforced="false">0</MinLen>
        <MaxLen enforced="false">0</MaxLen>
        <CaseConversion>none</CaseConversion>
        <MultiLine>false</MultiLine>
        <Password>false</Password>
        <FieldLen>30</FieldLen>
        <AllowedChars spaces="true" special="true">alphanum</AllowedChars>
      </TextFormat>
    </Entity>

<!--Image Zone(MRN_3)-->
    <Entity name="MRN_3" type="Entry" tabstop="true" taborder="40" field="true">
      <tf:object id="MRN_3" type="Image Zone" longid="MRN_3">
        <tf:bounds height="6375" width="59817" y="29083" x="39573" />
        <tf:markrect height="6375" width="59817" y="29083" x="39573" />
        <tf:treat-as-text>true</tf:treat-as-text>
        <tf:recognition>
          <tf:rec-type>machine print</tf:rec-type>
          <tf:force-upper>false</tf:force-upper>
          <tf:rec-chars upper="true" lower="true">alpha/numeric</tf:rec-chars>
          <tf:punctuation>true</tf:punctuation>
          <tf:special-chars>true</tf:special-chars>
          <tf:conf val="80">form level</tf:conf>
          <tf:perf-lvl val="1">form level</tf:perf-lvl>
          <tf:auto-lvl val="1">form level</tf:auto-lvl>
          <tf:rec-lang default="true" intval="1">English</tf:rec-lang>
          <tf:rec-font default="true" intval="0">Auto</tf:rec-font>
          <tf:single-line>0</tf:single-line>
          <tf:var-loc enabled="false" />
          <tf:context enabled="true" val="1" disp="Low" />
          <tf:preprocess enabled="false" type="none" />
        </tf:recognition>
        <tf:store-val>true</tf:store-val>
        <tf:store-sepr>false</tf:store-sepr>
        <tf:validation>
          <tf:data-review enabled="false" />
          <tf:double-key enabled="false" />
          <tf:always-review enabled="false" />
          <tf:dictionary enabled="false" />
          <tf:lookup enabled="false" />
        </tf:validation>
        <tf:mark-line width="15">form level</tf:mark-line>
        <tf:dropout>false</tf:dropout>
      </tf:object>
      <Validation enabled="false" />
      <ProfileField enabled="false" />
      <Pos height="6350" width="59791" y="29083" x="39573" />
      <Description>MRN</Description>
      <MaxLen>30</MaxLen>
      <ReadOnly>false</ReadOnly>
      <InitValue>%MRN%</InitValue>
      <DataStorage>
        <StripTemplateChars>true</StripTemplateChars>
        <DefaultValue></DefaultValue>
      </DataStorage>
      <Font size="3881" bold="false" italic="false" underline="false" strikeout="false" charset="DEFAULT_CHARSET" color="#000000" face="Arial" />
      <BorderStyle top="false" bottom="false" left="false" right="false" sides="true">none</BorderStyle>
      <PenStyle color="#000000" width="381">invisible</PenStyle>
      <FillStyle fillcolor="#FFFFFF" patterncolor="#000000">hollow</FillStyle>
      <EntryRequired>false</EntryRequired>
      <CombOpt enabled="false">
        <SideHeight>100</SideHeight>
        <CombHeight>0</CombHeight>
      </CombOpt>
      <Entity name="Entry_Field13" type="EntryPart" tabstop="false" taborder="-1" field="false">
        <Pos height="6350" width="59791" y="29083" x="39573" />
        <Combs>30</Combs>
      </Entity>
      <Label enabled="false">
        <TextLoc>above</TextLoc>
        <TextAlign>min</TextAlign>
        <Spacing>2540</Spacing>
      </Label>
      <Format>TextFormat</Format>
      <TextFormat>
        <MinLen enforced="false">0</MinLen>
        <MaxLen enforced="false">0</MaxLen>
        <CaseConversion>none</CaseConversion>
        <MultiLine>false</MultiLine>
        <Password>false</Password>
        <FieldLen>30</FieldLen>
        <AllowedChars spaces="true" special="true">alphanum</AllowedChars>
      </TextFormat>
    </Entity>

<!--Image Zone(Doctor_3)-->
    <Entity name="Doctor_3" type="Entry" tabstop="true" taborder="41" field="true">
      <tf:object id="Doctor_3" type="Image Zone" longid="Doctor_3">
        <tf:bounds height="6375" width="60096" y="35814" x="39573" />
        <tf:markrect height="6375" width="60096" y="35814" x="39573" />
        <tf:treat-as-text>true</tf:treat-as-text>
        <tf:recognition>
          <tf:rec-type>machine print</tf:rec-type>
          <tf:force-upper>false</tf:force-upper>
          <tf:rec-chars upper="true" lower="true">alpha/numeric</tf:rec-chars>
          <tf:punctuation>true</tf:punctuation>
          <tf:special-chars>true</tf:special-chars>
          <tf:conf val="80">form level</tf:conf>
          <tf:perf-lvl val="1">form level</tf:perf-lvl>
          <tf:auto-lvl val="1">form level</tf:auto-lvl>
          <tf:rec-lang default="true" intval="1">English</tf:rec-lang>
          <tf:rec-font default="true" intval="0">Auto</tf:rec-font>
          <tf:single-line>0</tf:single-line>
          <tf:var-loc enabled="false" />
          <tf:context enabled="true" val="1" disp="Low" />
          <tf:preprocess enabled="false" type="none" />
        </tf:recognition>
        <tf:store-val>true</tf:store-val>
        <tf:store-sepr>false</tf:store-sepr>
        <tf:validation>
          <tf:data-review enabled="false" />
          <tf:double-key enabled="false" />
          <tf:always-review enabled="false" />
          <tf:dictionary enabled="false" />
          <tf:lookup enabled="false" />
        </tf:validation>
        <tf:mark-line width="15">form level</tf:mark-line>
        <tf:dropout>false</tf:dropout>
      </tf:object>
      <Validation enabled="false" />
      <ProfileField enabled="false" />
      <Pos height="6350" width="60071" y="35814" x="39573" />
      <Description>Doctor</Description>
      <MaxLen>30</MaxLen>
      <ReadOnly>false</ReadOnly>
      <InitValue>%Doctor%</InitValue>
      <DataStorage>
        <StripTemplateChars>true</StripTemplateChars>
        <DefaultValue></DefaultValue>
      </DataStorage>
      <Font size="3881" bold="false" italic="false" underline="false" strikeout="false" charset="DEFAULT_CHARSET" color="#000000" face="Arial" />
      <BorderStyle top="false" bottom="false" left="false" right="false" sides="true">none</BorderStyle>
      <PenStyle color="#000000" width="381">invisible</PenStyle>
      <FillStyle fillcolor="#FFFFFF" patterncolor="#000000">hollow</FillStyle>
      <EntryRequired>false</EntryRequired>
      <CombOpt enabled="false">
        <SideHeight>100</SideHeight>
        <CombHeight>0</CombHeight>
      </CombOpt>
      <Entity name="Entry_Field14" type="EntryPart" tabstop="false" taborder="-1" field="false">
        <Pos height="6350" width="60071" y="35814" x="39573" />
        <Combs>30</Combs>
      </Entity>
      <Label enabled="false">
        <TextLoc>above</TextLoc>
        <TextAlign>min</TextAlign>
        <Spacing>2540</Spacing>
      </Label>
      <Format>TextFormat</Format>
      <TextFormat>
        <MinLen enforced="false">0</MinLen>
        <MaxLen enforced="false">0</MaxLen>
        <CaseConversion>none</CaseConversion>
        <MultiLine>false</MultiLine>
        <Password>false</Password>
        <FieldLen>30</FieldLen>
        <AllowedChars spaces="true" special="true">alphanum</AllowedChars>
      </TextFormat>
    </Entity>

<!--Image Zone(VisitDate_3)-->
    <Entity name="VisitDate_3" type="Entry" tabstop="true" taborder="42" field="true">
      <tf:object id="VisitDate_3" type="Image Zone" longid="VisitDate_3">
        <tf:bounds height="6477" width="59563" y="42570" x="39293" />
        <tf:markrect height="6477" width="59563" y="42570" x="39293" />
        <tf:treat-as-text>true</tf:treat-as-text>
        <tf:recognition>
          <tf:rec-type>machine print</tf:rec-type>
          <tf:force-upper>false</tf:force-upper>
          <tf:rec-chars upper="true" lower="true">alpha/numeric</tf:rec-chars>
          <tf:punctuation>true</tf:punctuation>
          <tf:special-chars>true</tf:special-chars>
          <tf:conf val="80">form level</tf:conf>
          <tf:perf-lvl val="1">form level</tf:perf-lvl>
          <tf:auto-lvl val="1">form level</tf:auto-lvl>
          <tf:rec-lang default="true" intval="1">English</tf:rec-lang>
          <tf:rec-font default="true" intval="0">Auto</tf:rec-font>
          <tf:single-line>0</tf:single-line>
          <tf:var-loc enabled="false" />
          <tf:context enabled="true" val="1" disp="Low" />
          <tf:preprocess enabled="false" type="none" />
        </tf:recognition>
        <tf:store-val>true</tf:store-val>
        <tf:store-sepr>false</tf:store-sepr>
        <tf:validation>
          <tf:data-review enabled="false" />
          <tf:double-key enabled="false" />
          <tf:always-review enabled="false" />
          <tf:dictionary enabled="false" />
          <tf:lookup enabled="false" />
        </tf:validation>
        <tf:mark-line width="15">form level</tf:mark-line>
        <tf:dropout>false</tf:dropout>
      </tf:object>
      <Validation enabled="false" />
      <ProfileField enabled="false" />
      <Pos height="6451" width="59537" y="42570" x="39293" />
      <Description></Description>
      <MaxLen>30</MaxLen>
      <ReadOnly>false</ReadOnly>
      <InitValue>%VisitDate%</InitValue>
      <DataStorage>
        <StripTemplateChars>true</StripTemplateChars>
        <DefaultValue></DefaultValue>
      </DataStorage>
      <Font size="3881" bold="false" italic="false" underline="false" strikeout="false" charset="DEFAULT_CHARSET" color="#000000" face="Arial" />
      <BorderStyle top="false" bottom="false" left="false" right="false" sides="true">none</BorderStyle>
      <PenStyle color="#000000" width="381">invisible</PenStyle>
      <FillStyle fillcolor="#FFFFFF" patterncolor="#000000">hollow</FillStyle>
      <EntryRequired>false</EntryRequired>
      <CombOpt enabled="false">
        <SideHeight>100</SideHeight>
        <CombHeight>0</CombHeight>
      </CombOpt>
      <Entity name="Entry_Field15" type="EntryPart" tabstop="false" taborder="-1" field="false">
        <Pos height="6451" width="59537" y="42570" x="39293" />
        <Combs>30</Combs>
      </Entity>
      <Label enabled="false">
        <TextLoc>above</TextLoc>
        <TextAlign>min</TextAlign>
        <Spacing>2540</Spacing>
      </Label>
      <Format>TextFormat</Format>
      <TextFormat>
        <MinLen enforced="false">0</MinLen>
        <MaxLen enforced="false">0</MaxLen>
        <CaseConversion>none</CaseConversion>
        <MultiLine>false</MultiLine>
        <Password>false</Password>
        <FieldLen>30</FieldLen>
        <AllowedChars spaces="true" special="true">alphanum</AllowedChars>
      </TextFormat>
    </Entity>

<!--Rectangle()-->
    <Entity name="" type="Rectangle" tabstop="false" taborder="-1" field="false">
      <tf:object id="" type="Rectangle" longid="" />
      <PenStyle color="#FFFF00" width="0">solid</PenStyle>
      <FillStyle fillcolor="#FFFF00" patterncolor="#FFFF00">solid</FillStyle>
      <BorderStyle top="true" bottom="true" left="true" right="true" sides="true">flat</BorderStyle>
      <CornerStyle>
        <Radius>10</Radius>
        <RoundCorners>false</RoundCorners>
      </CornerStyle>
      <Pos height="43815" width="2540" y="129413" x="200634" />
    </Entity>

<!--Rectangle()-->
    <Entity name="" type="Rectangle" tabstop="false" taborder="-1" field="false">
      <tf:object id="" type="Rectangle" longid="" />
      <PenStyle color="#FF0000" width="0">solid</PenStyle>
      <FillStyle fillcolor="#FF0000" patterncolor="#FF0000">solid</FillStyle>
      <BorderStyle top="true" bottom="true" left="true" right="true" sides="true">flat</BorderStyle>
      <CornerStyle>
        <Radius>10</Radius>
        <RoundCorners>false</RoundCorners>
      </CornerStyle>
      <Pos height="56769" width="3124" y="173228" x="200355" />
    </Entity>

<!--Rectangle()-->
    <Entity name="" type="Rectangle" tabstop="false" taborder="-1" field="false">
      <tf:object id="" type="Rectangle" longid="" />
      <PenStyle color="#008000" width="0">solid</PenStyle>
      <FillStyle fillcolor="#008000" patterncolor="#008000">solid</FillStyle>
      <BorderStyle top="true" bottom="true" left="true" right="true" sides="true">flat</BorderStyle>
      <CornerStyle>
        <Radius>10</Radius>
        <RoundCorners>false</RoundCorners>
      </CornerStyle>
      <Pos height="48310" width="2540" y="81102" x="200355" />
    </Entity>

<!--Rectangle()-->
    <Entity name="" type="Rectangle" tabstop="false" taborder="-1" field="false">
      <tf:object id="" type="Rectangle" longid="" />
      <PenStyle color="#008000" width="0">solid</PenStyle>
      <FillStyle fillcolor="#008000" patterncolor="#008000">solid</FillStyle>
      <BorderStyle top="true" bottom="true" left="true" right="true" sides="true">flat</BorderStyle>
      <CornerStyle>
        <Radius>10</Radius>
        <RoundCorners>false</RoundCorners>
      </CornerStyle>
      <Pos height="48310" width="12700" y="81102" x="18643" />
    </Entity>

<!--Rectangle()-->
    <Entity name="" type="Rectangle" tabstop="false" taborder="-1" field="false">
      <tf:object id="" type="Rectangle" longid="" />
      <PenStyle color="#FFFF00" width="0">solid</PenStyle>
      <FillStyle fillcolor="#FFFF00" patterncolor="#FFFF00">solid</FillStyle>
      <BorderStyle top="true" bottom="true" left="true" right="true" sides="true">flat</BorderStyle>
      <CornerStyle>
        <Radius>10</Radius>
        <RoundCorners>false</RoundCorners>
      </CornerStyle>
      <Pos height="43815" width="12700" y="129413" x="18643" />
    </Entity>

<!--Rectangle()-->
    <Entity name="" type="Rectangle" tabstop="false" taborder="-1" field="false">
      <tf:object id="" type="Rectangle" longid="" />
      <PenStyle color="#FF0000" width="0">solid</PenStyle>
      <FillStyle fillcolor="#FF0000" patterncolor="#FF0000">solid</FillStyle>
      <BorderStyle top="true" bottom="true" left="true" right="true" sides="true">flat</BorderStyle>
      <CornerStyle>
        <Radius>10</Radius>
        <RoundCorners>false</RoundCorners>
      </CornerStyle>
      <Pos height="56769" width="12700" y="173228" x="18923" />
    </Entity>

<!--Rectangle()-->
    <Entity name="" type="Rectangle" tabstop="false" taborder="-1" field="false">
      <tf:object id="" type="Rectangle" longid="" />
      <PenStyle color="#008000" width="762">solid</PenStyle>
      <FillStyle fillcolor="#FFFFFF" patterncolor="#008000">hollow</FillStyle>
      <BorderStyle top="true" bottom="true" left="true" right="true" sides="true">flat</BorderStyle>
      <CornerStyle>
        <Radius>10</Radius>
        <RoundCorners>false</RoundCorners>
      </CornerStyle>
      <Pos height="47752" width="169545" y="81381" x="31089" />
    </Entity>

<!--Rectangle()-->
    <Entity name="" type="Rectangle" tabstop="false" taborder="-1" field="false">
      <tf:object id="" type="Rectangle" longid="" />
      <PenStyle color="#FFFF00" width="762">solid</PenStyle>
      <FillStyle fillcolor="#FFFFFF" patterncolor="#FFFF00">hollow</FillStyle>
      <BorderStyle top="true" bottom="true" left="true" right="true" sides="true">flat</BorderStyle>
      <CornerStyle>
        <Radius>10</Radius>
        <RoundCorners>false</RoundCorners>
      </CornerStyle>
      <Pos height="43230" width="169545" y="129717" x="31089" />
    </Entity>

<!--Rectangle()-->
    <Entity name="" type="Rectangle" tabstop="false" taborder="-1" field="false">
      <tf:object id="" type="Rectangle" longid="" />
      <PenStyle color="#FF0000" width="762">solid</PenStyle>
      <FillStyle fillcolor="#FFFFFF" patterncolor="#FF0000">hollow</FillStyle>
      <BorderStyle top="true" bottom="true" left="true" right="true" sides="true">flat</BorderStyle>
      <CornerStyle>
        <Radius>10</Radius>
        <RoundCorners>false</RoundCorners>
      </CornerStyle>
      <Pos height="56235" width="169824" y="173507" x="30810" />
    </Entity>

<!--Horizontal/Vertical Line()-->
    <Entity name="" type="Line" tabstop="false" taborder="-1" field="false">
      <tf:object id="" type="Horizontal/Vertical Line" longid="" />
      <PenStyle color="#008000" width="762">solid</PenStyle>
      <Pos height="47193" width="0" y="81965" x="87325" />
      <X1>87325</X1>
      <Y1>81965</Y1>
      <X2>87325</X2>
      <Y2>129159</Y2>
    </Entity>

<!--Horizontal/Vertical Line()-->
    <Entity name="" type="Line" tabstop="false" taborder="-1" field="false">
      <tf:object id="" type="Horizontal/Vertical Line" longid="" />
      <PenStyle color="#FFFF00" width="762">solid</PenStyle>
      <Pos height="42367" width="0" y="129717" x="88011" />
      <X1>88011</X1>
      <Y1>129717</Y1>
      <X2>88011</X2>
      <Y2>172085</Y2>
    </Entity>

<!--Horizontal/Vertical Line()-->
    <Entity name="" type="Line" tabstop="false" taborder="-1" field="false">
      <tf:object id="" type="Horizontal/Vertical Line" longid="" />
      <PenStyle color="#FF0000" width="762">solid</PenStyle>
      <Pos height="54838" width="0" y="174066" x="88011" />
      <X1>88011</X1>
      <Y1>174066</Y1>
      <X2>88011</X2>
      <Y2>228904</Y2>
    </Entity>

<!--Text-->
    <Entity name="text17" type="Text" tabstop="false" taborder="-1" field="false">
      <tf:object id="" type="Text" longid="" />
      <Pos height="5791" width="15189" y="29489" x="22809" />
      <FillStyle fillcolor="#000000" patterncolor="#000000">hollow</FillStyle>
      <CSRichText units-per-inch="25400" block-valign="top" font-size="4939" font-family="Times New Roman" font-weight="normal" color="#000000">
        <Paragraph text-align="left">
          <Span>MRN:</Span>
        </Paragraph>
      </CSRichText>
    </Entity>

<!--Text-->
    <Entity name="text18" type="Text" tabstop="false" taborder="-1" field="false">
      <tf:object id="" type="Text" longid="" />
      <Pos height="6832" width="17322" y="35890" x="22809" />
      <FillStyle fillcolor="#000000" patterncolor="#000000">hollow</FillStyle>
      <CSRichText units-per-inch="25400" block-valign="top" font-size="4939" font-family="Times New Roman" font-weight="normal" color="#000000">
        <Paragraph text-align="left">
          <Span>Doctor:</Span>
        </Paragraph>
      </CSRichText>
    </Entity>

<!--Text-->
    <Entity name="text19" type="Text" tabstop="false" taborder="-1" field="false">
      <tf:object id="" type="Text" longid="" />
      <Pos height="6832" width="17322" y="42265" x="22961" />
      <FillStyle fillcolor="#000000" patterncolor="#000000">hollow</FillStyle>
      <CSRichText units-per-inch="25400" block-valign="top" font-size="4939" font-family="Times New Roman" font-weight="normal" color="#000000">
        <Paragraph text-align="left">
          <Span>Date:</Span>
        </Paragraph>
      </CSRichText>
    </Entity>

<!--Text-->
    <Entity name="text20" type="Text" tabstop="false" taborder="-1" field="false">
      <tf:object id="" type="Text" longid="" />
      <Pos height="6832" width="74193" y="49428" x="22504" />
      <FillStyle fillcolor="#000000" patterncolor="#000000">hollow</FillStyle>
      <CSRichText units-per-inch="25400" block-valign="top" font-size="4939" font-family="Times New Roman" font-weight="normal" color="#000000">
        <Paragraph text-align="left">
          <Span>Clinic Phone: (317) 692-2306</Span>
        </Paragraph>
      </CSRichText>
    </Entity>

<!--Text-->
    <Entity name="text21" type="Text" tabstop="false" taborder="-1" field="false">
      <tf:object id="" type="Text" longid="" />
      <Pos height="6832" width="76174" y="55803" x="22809" />
      <FillStyle fillcolor="#000000" patterncolor="#000000">hollow</FillStyle>
      <CSRichText units-per-inch="25400" block-valign="top" font-size="4939" font-family="Times New Roman" font-weight="normal" color="#000000">
        <Paragraph text-align="left">
          <Span>Emergency: 911</Span>
        </Paragraph>
      </CSRichText>
    </Entity>
  </Page>

<!--end -->
</Form>
