<?xml version="1.0" encoding="ISO-8859-1" ?>
<Form version="1" xmlns:tf="http://www.cardiff.com/2001/apps/teleform" xmlns:cs="http://www.cardiff.com/2001" xmlns:dc="http://purl.org/metadata/dublin_core#">
  <tf:formid>30297</tf:formid>
  <tf:formprops>
    <tf:ftype active="true">versiform</tf:ftype>
    <tf:passwd>false</tf:passwd>
    <tf:review>0</tf:review>
    <tf:dropout>false</tf:dropout>
    <tf:bypass-act>false</tf:bypass-act>
    <tf:print-ok>false</tf:print-ok>
    <tf:print-err>false</tf:print-err>
    <tf:save-ok>true</tf:save-ok>
    <tf:save-err>true</tf:save-err>
    <tf:save-rot>false</tf:save-rot>
    <tf:bypass-vfy>false</tf:bypass-vfy>
    <tf:ae-savint>false</tf:ae-savint>
    <tf:mark-line width="15">form level</tf:mark-line>
    <tf:form-recog>
      <tf:conf val="80">system level</tf:conf>
      <tf:omr-conf low="25" high="40" max-t="0" adj="50">system level</tf:omr-conf>
      <tf:perf-lvl val="1">system level</tf:perf-lvl>
      <tf:auto-lvl val="1">system level</tf:auto-lvl>
      <tf:id-loc>none</tf:id-loc>
      <tf:enh-rec>true</tf:enh-rec>
      <tf:remove-usr>true</tf:remove-usr>
    </tf:form-recog>
  </tf:formprops>
  <FormUnitsPerInch>25400</FormUnitsPerInch>
  <Meta>
    <dc:Title>ETS_JIT_READY_TO_QUIT</dc:Title>
    <dc:Creator>Department of Pediatrics</dc:Creator>
    <dc:Subject></dc:Subject>
    <dc:Publisher>Teleform</dc:Publisher>
    <dc:Description>This is for the How to Quite Smoking and the Aids to Quit form</dc:Description>
    <cs:app-version>
      <cs:program>Teleform Designer</cs:program>
      <cs:major>9</cs:major>
      <cs:minor>1</cs:minor>
      <cs:build>9142</cs:build>
    </cs:app-version>
  </Meta>
  <UniqSeqNum enabled="false">1</UniqSeqNum>
  <Revision>0</Revision>
  <SchemaVersion>0</SchemaVersion>
  <Calculations />
  <Exports>
    <NotifyUserAnon enabled="false" />
    <NotifyUserAuth enabled="false" />
    <DataClient>true</DataClient>
    <RealTime>true</RealTime>
    <EnableArchive>false</EnableArchive>
  </Exports>
  <Lookups />
  <Scripts />

<!--(0)-->
  <Page index="1">
    <Name>Page 1</Name>
    <Width>215900</Width>
    <Height>279400</Height>
    <BackColor>#FFFFFF</BackColor>
    <ImageUse>none</ImageUse>
    <Margin enabled="true">
      <Left>8890</Left>
      <Right>8890</Right>
      <Top>8890</Top>
      <Bottom>8890</Bottom>
    </Margin>

<!--Metafile-->
    <Entity name="picture" type="Picture" tabstop="false" taborder="-1" field="false">
      <tf:object id="" type="Picture" longid="" />
      <AlternateText>picture</AlternateText>
      <DisplayOpt>stretch</DisplayOpt>
      <Pos height="208356" width="152400" y="38100" x="25400" />
      <Image height="208356" width="152400">30297001.png</Image>
    </Entity>

<!--Image Zone(Title)-->
    <Entity name="Title" type="Entry" tabstop="false" taborder="33" field="true">
      <tf:object id="Title" type="Image Zone" longid="Title">
        <tf:bounds height="12700" width="149225" y="19050" x="28575" />
        <tf:markrect height="12700" width="149225" y="19050" x="28575" />
        <tf:treat-as-text>true</tf:treat-as-text>
        <tf:recognition>
          <tf:rec-type></tf:rec-type>
          <tf:force-upper>false</tf:force-upper>
          <tf:context enabled="true" val="1" disp="Low" />
          <tf:preprocess enabled="false" type="none" />
        </tf:recognition>
        <tf:store-val>true</tf:store-val>
        <tf:store-sepr>false</tf:store-sepr>
        <tf:validation>
          <tf:data-review enabled="false" />
          <tf:double-key enabled="false" />
          <tf:always-review enabled="false" />
          <tf:dictionary enabled="false" />
          <tf:lookup enabled="false" />
        </tf:validation>
        <tf:mark-line width="15">form level</tf:mark-line>
        <tf:dropout>false</tf:dropout>
      </tf:object>
      <Validation enabled="false" />
      <ProfileField enabled="false" />
      <Pos height="12674" width="149199" y="19050" x="28575" />
      <Description></Description>
      <MaxLen>30</MaxLen>
      <ReadOnly>false</ReadOnly>
      <InitValue></InitValue>
      <DataStorage>
        <StripTemplateChars>true</StripTemplateChars>
        <DefaultValue></DefaultValue>
      </DataStorage>
      <Font size="3881" bold="false" italic="false" underline="false" strikeout="false" charset="DEFAULT_CHARSET" color="#000000" face="Arial" />
      <BorderStyle top="false" bottom="false" left="false" right="false" sides="true">none</BorderStyle>
      <PenStyle color="#000000" width="381">solid</PenStyle>
      <FillStyle fillcolor="#FFFFFF" patterncolor="#000000">solid</FillStyle>
      <EntryRequired>false</EntryRequired>
      <CombOpt enabled="false">
        <SideHeight>100</SideHeight>
        <CombHeight>0</CombHeight>
      </CombOpt>
      <Entity name="Entry_Field0" type="EntryPart" tabstop="false" taborder="-1" field="false">
        <Pos height="12674" width="149199" y="19050" x="28575" />
        <Combs>30</Combs>
      </Entity>
      <Label enabled="false">
        <TextLoc>above</TextLoc>
        <TextAlign>min</TextAlign>
        <Spacing>2540</Spacing>
      </Label>
      <Format>TextFormat</Format>
      <TextFormat>
        <MinLen enforced="false">0</MinLen>
        <MaxLen enforced="false">0</MaxLen>
        <CaseConversion>none</CaseConversion>
        <MultiLine>false</MultiLine>
        <Password>false</Password>
        <FieldLen>30</FieldLen>
        <AllowedChars spaces="true" special="false">alphanum</AllowedChars>
      </TextFormat>
    </Entity>
  </Page>

<!--end -->

<!--(1)-->
  <Page index="2">
    <Name>Page 2</Name>
    <Width>215900</Width>
    <Height>279400</Height>
    <BackColor>#FFFFFF</BackColor>
    <ImageUse>none</ImageUse>
    <Margin enabled="true">
      <Left>8890</Left>
      <Right>8890</Right>
      <Top>8890</Top>
      <Bottom>8890</Bottom>
    </Margin>

<!--Metafile-->
    <Entity name="picture_000001" type="Picture" tabstop="false" taborder="-1" field="false">
      <tf:object id="" type="Picture" longid="" />
      <AlternateText>picture</AlternateText>
      <DisplayOpt>stretch</DisplayOpt>
      <Pos height="228219" width="185902" y="41275" x="15875" />
      <Image height="228219" width="185902">30297002.png</Image>
    </Entity>

<!--Rectangle()-->
    <Entity name="" type="Rectangle" tabstop="false" taborder="-1" field="false">
      <tf:object id="" type="Rectangle" longid="" />
      <PenStyle color="#000000" width="25">invisible</PenStyle>
      <FillStyle fillcolor="#FFFFFF" patterncolor="#000000">solid</FillStyle>
      <BorderStyle top="true" bottom="true" left="true" right="true" sides="true">flat</BorderStyle>
      <CornerStyle>
        <Radius>10</Radius>
        <RoundCorners>false</RoundCorners>
      </CornerStyle>
      <Pos height="9499" width="25374" y="44450" x="171450" />
    </Entity>

<!--Image Zone(Title_2)-->
    <Entity name="Title_2" type="Entry" tabstop="false" taborder="34" field="true">
      <tf:object id="Title_2" type="Image Zone" longid="Title_2">
        <tf:bounds height="12700" width="149225" y="19050" x="28575" />
        <tf:markrect height="12700" width="149225" y="19050" x="28575" />
        <tf:treat-as-text>true</tf:treat-as-text>
        <tf:recognition>
          <tf:rec-type></tf:rec-type>
          <tf:force-upper>false</tf:force-upper>
          <tf:context enabled="true" val="1" disp="Low" />
          <tf:preprocess enabled="false" type="none" />
        </tf:recognition>
        <tf:store-val>true</tf:store-val>
        <tf:store-sepr>false</tf:store-sepr>
        <tf:validation>
          <tf:data-review enabled="false" />
          <tf:double-key enabled="false" />
          <tf:always-review enabled="false" />
          <tf:dictionary enabled="false" />
          <tf:lookup enabled="false" />
        </tf:validation>
        <tf:mark-line width="15">form level</tf:mark-line>
        <tf:dropout>false</tf:dropout>
      </tf:object>
      <Validation enabled="false" />
      <ProfileField enabled="false" />
      <Pos height="12674" width="149199" y="19050" x="28575" />
      <Description></Description>
      <MaxLen>30</MaxLen>
      <ReadOnly>false</ReadOnly>
      <InitValue></InitValue>
      <DataStorage>
        <StripTemplateChars>true</StripTemplateChars>
        <DefaultValue></DefaultValue>
      </DataStorage>
      <Font size="3881" bold="false" italic="false" underline="false" strikeout="false" charset="DEFAULT_CHARSET" color="#000000" face="Arial" />
      <BorderStyle top="false" bottom="false" left="false" right="false" sides="true">none</BorderStyle>
      <PenStyle color="#000000" width="381">solid</PenStyle>
      <FillStyle fillcolor="#FFFFFF" patterncolor="#000000">solid</FillStyle>
      <EntryRequired>false</EntryRequired>
      <CombOpt enabled="false">
        <SideHeight>100</SideHeight>
        <CombHeight>0</CombHeight>
      </CombOpt>
      <Entity name="Entry_Field1" type="EntryPart" tabstop="false" taborder="-1" field="false">
        <Pos height="12674" width="149199" y="19050" x="28575" />
        <Combs>30</Combs>
      </Entity>
      <Label enabled="false">
        <TextLoc>above</TextLoc>
        <TextAlign>min</TextAlign>
        <Spacing>2540</Spacing>
      </Label>
      <Format>TextFormat</Format>
      <TextFormat>
        <MinLen enforced="false">0</MinLen>
        <MaxLen enforced="false">0</MaxLen>
        <CaseConversion>none</CaseConversion>
        <MultiLine>false</MultiLine>
        <Password>false</Password>
        <FieldLen>30</FieldLen>
        <AllowedChars spaces="true" special="false">alphanum</AllowedChars>
      </TextFormat>
    </Entity>
  </Page>

<!--end -->

<!--(2)-->
  <Page index="3">
    <Name>Page 3</Name>
    <Width>215900</Width>
    <Height>279400</Height>
    <BackColor>#FFFFFF</BackColor>
    <ImageUse>none</ImageUse>
    <Margin enabled="true">
      <Left>8890</Left>
      <Right>8890</Right>
      <Top>8890</Top>
      <Bottom>8890</Bottom>
    </Margin>

<!--Image Zone(Subtitle1)-->
    <Entity name="Subtitle1" type="Entry" tabstop="false" taborder="32" field="true">
      <tf:object id="Subtitle1" type="Image Zone" longid="Subtitle1">
        <tf:bounds height="12700" width="149225" y="25400" x="28575" />
        <tf:markrect height="12700" width="149225" y="25400" x="28575" />
        <tf:treat-as-text>true</tf:treat-as-text>
        <tf:recognition>
          <tf:rec-type></tf:rec-type>
          <tf:force-upper>false</tf:force-upper>
          <tf:context enabled="true" val="1" disp="Low" />
          <tf:preprocess enabled="false" type="none" />
        </tf:recognition>
        <tf:store-val>true</tf:store-val>
        <tf:store-sepr>false</tf:store-sepr>
        <tf:validation>
          <tf:data-review enabled="false" />
          <tf:double-key enabled="false" />
          <tf:always-review enabled="false" />
          <tf:dictionary enabled="false" />
          <tf:lookup enabled="false" />
        </tf:validation>
        <tf:mark-line width="15">form level</tf:mark-line>
        <tf:dropout>false</tf:dropout>
      </tf:object>
      <Validation enabled="false" />
      <ProfileField enabled="false" />
      <Pos height="12674" width="149199" y="25400" x="28575" />
      <Description></Description>
      <MaxLen>30</MaxLen>
      <ReadOnly>false</ReadOnly>
      <InitValue></InitValue>
      <DataStorage>
        <StripTemplateChars>true</StripTemplateChars>
        <DefaultValue></DefaultValue>
      </DataStorage>
      <Font size="3881" bold="false" italic="false" underline="false" strikeout="false" charset="DEFAULT_CHARSET" color="#000000" face="Arial" />
      <BorderStyle top="false" bottom="false" left="false" right="false" sides="true">none</BorderStyle>
      <PenStyle color="#000000" width="381">solid</PenStyle>
      <FillStyle fillcolor="#FFFFFF" patterncolor="#000000">solid</FillStyle>
      <EntryRequired>false</EntryRequired>
      <CombOpt enabled="false">
        <SideHeight>100</SideHeight>
        <CombHeight>0</CombHeight>
      </CombOpt>
      <Entity name="Entry_Field2" type="EntryPart" tabstop="false" taborder="-1" field="false">
        <Pos height="12674" width="149199" y="25400" x="28575" />
        <Combs>30</Combs>
      </Entity>
      <Label enabled="false">
        <TextLoc>above</TextLoc>
        <TextAlign>min</TextAlign>
        <Spacing>2540</Spacing>
      </Label>
      <Format>TextFormat</Format>
      <TextFormat>
        <MinLen enforced="false">0</MinLen>
        <MaxLen enforced="false">0</MaxLen>
        <CaseConversion>none</CaseConversion>
        <MultiLine>false</MultiLine>
        <Password>false</Password>
        <FieldLen>30</FieldLen>
        <AllowedChars spaces="true" special="false">alphanum</AllowedChars>
      </TextFormat>
    </Entity>

<!--Metafile-->
    <Entity name="picture_000002" type="Picture" tabstop="false" taborder="-1" field="false">
      <tf:object id="" type="Picture" longid="" />
      <AlternateText>picture</AlternateText>
      <DisplayOpt>stretch</DisplayOpt>
      <Pos height="208737" width="160832" y="41275" x="19050" />
      <Image height="208737" width="160832">30297003.png</Image>
    </Entity>
  </Page>

<!--end -->

<!--(3)-->
  <Page index="4">
    <Name>Page 4</Name>
    <Width>215900</Width>
    <Height>279400</Height>
    <BackColor>#FFFFFF</BackColor>
    <ImageUse>none</ImageUse>
    <Margin enabled="true">
      <Left>8890</Left>
      <Right>8890</Right>
      <Top>8890</Top>
      <Bottom>8890</Bottom>
    </Margin>

<!--Image Zone(Subtitle1_2)-->
    <Entity name="Subtitle1_2" type="Entry" tabstop="false" taborder="35" field="true">
      <tf:object id="Subtitle1_2" type="Image Zone" longid="Subtitle1_2">
        <tf:bounds height="12700" width="149225" y="25400" x="28575" />
        <tf:markrect height="12700" width="149225" y="25400" x="28575" />
        <tf:treat-as-text>true</tf:treat-as-text>
        <tf:recognition>
          <tf:rec-type></tf:rec-type>
          <tf:force-upper>false</tf:force-upper>
          <tf:context enabled="true" val="1" disp="Low" />
          <tf:preprocess enabled="false" type="none" />
        </tf:recognition>
        <tf:store-val>true</tf:store-val>
        <tf:store-sepr>false</tf:store-sepr>
        <tf:validation>
          <tf:data-review enabled="false" />
          <tf:double-key enabled="false" />
          <tf:always-review enabled="false" />
          <tf:dictionary enabled="false" />
          <tf:lookup enabled="false" />
        </tf:validation>
        <tf:mark-line width="15">form level</tf:mark-line>
        <tf:dropout>false</tf:dropout>
      </tf:object>
      <Validation enabled="false" />
      <ProfileField enabled="false" />
      <Pos height="12674" width="149199" y="25400" x="28575" />
      <Description></Description>
      <MaxLen>30</MaxLen>
      <ReadOnly>false</ReadOnly>
      <InitValue></InitValue>
      <DataStorage>
        <StripTemplateChars>true</StripTemplateChars>
        <DefaultValue></DefaultValue>
      </DataStorage>
      <Font size="3881" bold="false" italic="false" underline="false" strikeout="false" charset="DEFAULT_CHARSET" color="#000000" face="Arial" />
      <BorderStyle top="false" bottom="false" left="false" right="false" sides="true">none</BorderStyle>
      <PenStyle color="#000000" width="381">solid</PenStyle>
      <FillStyle fillcolor="#FFFFFF" patterncolor="#000000">solid</FillStyle>
      <EntryRequired>false</EntryRequired>
      <CombOpt enabled="false">
        <SideHeight>100</SideHeight>
        <CombHeight>0</CombHeight>
      </CombOpt>
      <Entity name="Entry_Field3" type="EntryPart" tabstop="false" taborder="-1" field="false">
        <Pos height="12674" width="149199" y="25400" x="28575" />
        <Combs>30</Combs>
      </Entity>
      <Label enabled="false">
        <TextLoc>above</TextLoc>
        <TextAlign>min</TextAlign>
        <Spacing>2540</Spacing>
      </Label>
      <Format>TextFormat</Format>
      <TextFormat>
        <MinLen enforced="false">0</MinLen>
        <MaxLen enforced="false">0</MaxLen>
        <CaseConversion>none</CaseConversion>
        <MultiLine>false</MultiLine>
        <Password>false</Password>
        <FieldLen>30</FieldLen>
        <AllowedChars spaces="true" special="false">alphanum</AllowedChars>
      </TextFormat>
    </Entity>

<!--Metafile-->
    <Entity name="picture_000003" type="Picture" tabstop="false" taborder="-1" field="false">
      <tf:object id="" type="Picture" longid="" />
      <AlternateText>picture</AlternateText>
      <DisplayOpt>stretch</DisplayOpt>
      <Pos height="218008" width="189357" y="41275" x="12700" />
      <Image height="218008" width="189357">30297004.png</Image>
    </Entity>
  </Page>

<!--end -->
</Form>
