<?xml version="1.0" encoding="ISO-8859-1" ?>
<Form version="1" xmlns:tf="http://www.cardiff.com/2001/apps/teleform" xmlns:cs="http://www.cardiff.com/2001" xmlns:dc="http://purl.org/metadata/dublin_core#">
  <tf:formid>22757</tf:formid>
  <tf:formprops>
    <tf:ftype active="true">versiform</tf:ftype>
    <tf:passwd>false</tf:passwd>
    <tf:review>0</tf:review>
    <tf:dropout>false</tf:dropout>
    <tf:bypass-act>false</tf:bypass-act>
    <tf:print-ok>false</tf:print-ok>
    <tf:print-err>false</tf:print-err>
    <tf:save-ok>true</tf:save-ok>
    <tf:save-err>true</tf:save-err>
    <tf:save-rot>false</tf:save-rot>
    <tf:bypass-vfy>false</tf:bypass-vfy>
    <tf:ae-savint>false</tf:ae-savint>
    <tf:mark-line width="15">form level</tf:mark-line>
    <tf:form-recog>
      <tf:conf val="80">system level</tf:conf>
      <tf:omr-conf low="25" high="40" max-t="0" adj="50">system level</tf:omr-conf>
      <tf:perf-lvl val="1">system level</tf:perf-lvl>
      <tf:auto-lvl val="1">system level</tf:auto-lvl>
      <tf:id-loc>none</tf:id-loc>
      <tf:enh-rec>true</tf:enh-rec>
      <tf:remove-usr>true</tf:remove-usr>
    </tf:form-recog>
  </tf:formprops>
  <FormUnitsPerInch>25400</FormUnitsPerInch>
  <Meta>
    <dc:Title>EIT_JIT_CONGRATULATE</dc:Title>
    <dc:Creator>Department of Pediatrics</dc:Creator>
    <dc:Subject></dc:Subject>
    <dc:Publisher>Teleform</dc:Publisher>
    <dc:Description></dc:Description>
    <cs:app-version>
      <cs:program>Teleform Designer</cs:program>
      <cs:major>9</cs:major>
      <cs:minor>1</cs:minor>
      <cs:build>9142</cs:build>
    </cs:app-version>
  </Meta>
  <UniqSeqNum enabled="false">1</UniqSeqNum>
  <Revision>0</Revision>
  <SchemaVersion>0</SchemaVersion>
  <Calculations />
  <Exports>
    <NotifyUserAnon enabled="false" />
    <NotifyUserAuth enabled="false" />
    <DataClient>true</DataClient>
    <RealTime>true</RealTime>
    <EnableArchive>false</EnableArchive>
  </Exports>
  <Lookups />
  <Scripts />

<!--(0)-->
  <Page index="1">
    <Name>Page 1</Name>
    <Width>279400</Width>
    <Height>215900</Height>
    <BackColor>#FFFFFF</BackColor>
    <ImageUse>none</ImageUse>
    <Margin enabled="true">
      <Left>8890</Left>
      <Right>8890</Right>
      <Top>8890</Top>
      <Bottom>8890</Bottom>
    </Margin>

<!--Metafile-->
    <Entity name="picture" type="Picture" tabstop="false" taborder="-1" field="false">
      <tf:object id="" type="Picture" longid="" />
      <AlternateText>picture</AlternateText>
      <DisplayOpt>stretch</DisplayOpt>
      <Pos height="180949" width="247624" y="17449" x="14300" />
      <Image height="180949" width="247624">22757001.png</Image>
    </Entity>

<!--Image Zone(FirstName_E)-->
    <Entity name="FirstName_E" type="Entry" tabstop="true" taborder="31" field="true">
      <tf:object id="FirstName_E" type="Image Zone" longid="FirstName_E">
        <tf:bounds height="13766" width="82550" y="98958" x="134416" />
        <tf:markrect height="13766" width="82550" y="98958" x="134416" />
        <tf:treat-as-text>true</tf:treat-as-text>
        <tf:recognition>
          <tf:rec-type></tf:rec-type>
          <tf:force-upper>false</tf:force-upper>
          <tf:context enabled="true" val="1" disp="Low" />
          <tf:preprocess enabled="false" type="none" />
        </tf:recognition>
        <tf:store-val>true</tf:store-val>
        <tf:store-sepr>false</tf:store-sepr>
        <tf:validation>
          <tf:data-review enabled="false" />
          <tf:double-key enabled="false" />
          <tf:always-review enabled="false" />
          <tf:dictionary enabled="false" />
          <tf:lookup enabled="false" />
        </tf:validation>
        <tf:mark-line width="15">form level</tf:mark-line>
        <tf:dropout>false</tf:dropout>
      </tf:object>
      <Validation enabled="false" />
      <ProfileField enabled="false" />
      <Pos height="13741" width="82524" y="98958" x="134416" />
      <Description></Description>
      <MaxLen>30</MaxLen>
      <ReadOnly>false</ReadOnly>
      <InitValue></InitValue>
      <DataStorage>
        <StripTemplateChars>true</StripTemplateChars>
        <DefaultValue></DefaultValue>
      </DataStorage>
      <Font size="3881" bold="false" italic="false" underline="false" strikeout="false" charset="DEFAULT_CHARSET" color="#000000" face="Arial" />
      <BorderStyle top="false" bottom="false" left="false" right="false" sides="true">none</BorderStyle>
      <PenStyle color="#000000" width="381">solid</PenStyle>
      <FillStyle fillcolor="#FFFFFF" patterncolor="#000000">solid</FillStyle>
      <EntryRequired>false</EntryRequired>
      <CombOpt enabled="false">
        <SideHeight>100</SideHeight>
        <CombHeight>0</CombHeight>
      </CombOpt>
      <Entity name="Entry_Field0" type="EntryPart" tabstop="false" taborder="-1" field="false">
        <Pos height="13741" width="82524" y="98958" x="134416" />
        <Combs>30</Combs>
      </Entity>
      <Label enabled="false">
        <TextLoc>above</TextLoc>
        <TextAlign>min</TextAlign>
        <Spacing>2540</Spacing>
      </Label>
      <Format>TextFormat</Format>
      <TextFormat>
        <MinLen enforced="false">0</MinLen>
        <MaxLen enforced="false">0</MaxLen>
        <CaseConversion>none</CaseConversion>
        <MultiLine>false</MultiLine>
        <Password>false</Password>
        <FieldLen>30</FieldLen>
        <AllowedChars spaces="true" special="false">alphanum</AllowedChars>
      </TextFormat>
    </Entity>

<!--Image Zone(Date_E)-->
    <Entity name="Date_E" type="Entry" tabstop="true" taborder="32" field="true">
      <tf:object id="Date_E" type="Image Zone" longid="Date_E">
        <tf:bounds height="8483" width="65659" y="144449" x="63500" />
        <tf:markrect height="8483" width="65659" y="144449" x="63500" />
        <tf:treat-as-text>true</tf:treat-as-text>
        <tf:recognition>
          <tf:rec-type></tf:rec-type>
          <tf:force-upper>false</tf:force-upper>
          <tf:context enabled="true" val="1" disp="Low" />
          <tf:preprocess enabled="false" type="none" />
        </tf:recognition>
        <tf:store-val>true</tf:store-val>
        <tf:store-sepr>false</tf:store-sepr>
        <tf:validation>
          <tf:data-review enabled="false" />
          <tf:double-key enabled="false" />
          <tf:always-review enabled="false" />
          <tf:dictionary enabled="false" />
          <tf:lookup enabled="false" />
        </tf:validation>
        <tf:mark-line width="15">form level</tf:mark-line>
        <tf:dropout>false</tf:dropout>
      </tf:object>
      <Validation enabled="false" />
      <ProfileField enabled="false" />
      <Pos height="8458" width="65633" y="144449" x="63500" />
      <Description></Description>
      <MaxLen>30</MaxLen>
      <ReadOnly>false</ReadOnly>
      <InitValue></InitValue>
      <DataStorage>
        <StripTemplateChars>true</StripTemplateChars>
        <DefaultValue></DefaultValue>
      </DataStorage>
      <Font size="3881" bold="false" italic="false" underline="false" strikeout="false" charset="DEFAULT_CHARSET" color="#000000" face="Arial" />
      <BorderStyle top="false" bottom="false" left="false" right="false" sides="true">none</BorderStyle>
      <PenStyle color="#000000" width="381">solid</PenStyle>
      <FillStyle fillcolor="#FFFFFF" patterncolor="#000000">solid</FillStyle>
      <EntryRequired>false</EntryRequired>
      <CombOpt enabled="false">
        <SideHeight>100</SideHeight>
        <CombHeight>0</CombHeight>
      </CombOpt>
      <Entity name="Entry_Field1" type="EntryPart" tabstop="false" taborder="-1" field="false">
        <Pos height="8458" width="65633" y="144449" x="63500" />
        <Combs>30</Combs>
      </Entity>
      <Label enabled="false">
        <TextLoc>above</TextLoc>
        <TextAlign>min</TextAlign>
        <Spacing>2540</Spacing>
      </Label>
      <Format>TextFormat</Format>
      <TextFormat>
        <MinLen enforced="false">0</MinLen>
        <MaxLen enforced="false">0</MaxLen>
        <CaseConversion>none</CaseConversion>
        <MultiLine>false</MultiLine>
        <Password>false</Password>
        <FieldLen>30</FieldLen>
        <AllowedChars spaces="true" special="false">alphanum</AllowedChars>
      </TextFormat>
    </Entity>
  </Page>

<!--end -->

<!--(1)-->
  <Page index="2">
    <Name>Page 2</Name>
    <Width>279400</Width>
    <Height>215900</Height>
    <BackColor>#FFFFFF</BackColor>
    <ImageUse>none</ImageUse>
    <Margin enabled="true">
      <Left>8890</Left>
      <Right>8890</Right>
      <Top>8890</Top>
      <Bottom>8890</Bottom>
    </Margin>

<!--Metafile-->
    <Entity name="picture_000001" type="Picture" tabstop="false" taborder="-1" field="false">
      <tf:object id="" type="Picture" longid="" />
      <AlternateText>picture</AlternateText>
      <DisplayOpt>stretch</DisplayOpt>
      <Pos height="176758" width="251891" y="17983" x="12700" />
      <Image height="176758" width="251891">22757002.png</Image>
    </Entity>

<!--Image Zone(FirstName_S)-->
    <Entity name="FirstName_S" type="Entry" tabstop="true" taborder="33" field="true">
      <tf:object id="FirstName_S" type="Image Zone" longid="FirstName_S">
        <tf:bounds height="13766" width="82550" y="97713" x="140766" />
        <tf:markrect height="13766" width="82550" y="97713" x="140766" />
        <tf:treat-as-text>true</tf:treat-as-text>
        <tf:recognition>
          <tf:rec-type></tf:rec-type>
          <tf:force-upper>false</tf:force-upper>
          <tf:context enabled="true" val="1" disp="Low" />
          <tf:preprocess enabled="false" type="none" />
        </tf:recognition>
        <tf:store-val>true</tf:store-val>
        <tf:store-sepr>false</tf:store-sepr>
        <tf:validation>
          <tf:data-review enabled="false" />
          <tf:double-key enabled="false" />
          <tf:always-review enabled="false" />
          <tf:dictionary enabled="false" />
          <tf:lookup enabled="false" />
        </tf:validation>
        <tf:mark-line width="15">form level</tf:mark-line>
        <tf:dropout>false</tf:dropout>
      </tf:object>
      <Validation enabled="false" />
      <ProfileField enabled="false" />
      <Pos height="13741" width="82524" y="97713" x="140766" />
      <Description></Description>
      <MaxLen>30</MaxLen>
      <ReadOnly>false</ReadOnly>
      <InitValue></InitValue>
      <DataStorage>
        <StripTemplateChars>true</StripTemplateChars>
        <DefaultValue></DefaultValue>
      </DataStorage>
      <Font size="3881" bold="false" italic="false" underline="false" strikeout="false" charset="DEFAULT_CHARSET" color="#000000" face="Arial" />
      <BorderStyle top="false" bottom="false" left="false" right="false" sides="true">none</BorderStyle>
      <PenStyle color="#000000" width="381">solid</PenStyle>
      <FillStyle fillcolor="#FFFFFF" patterncolor="#000000">solid</FillStyle>
      <EntryRequired>false</EntryRequired>
      <CombOpt enabled="false">
        <SideHeight>100</SideHeight>
        <CombHeight>0</CombHeight>
      </CombOpt>
      <Entity name="Entry_Field2" type="EntryPart" tabstop="false" taborder="-1" field="false">
        <Pos height="13741" width="82524" y="97713" x="140766" />
        <Combs>30</Combs>
      </Entity>
      <Label enabled="false">
        <TextLoc>above</TextLoc>
        <TextAlign>min</TextAlign>
        <Spacing>2540</Spacing>
      </Label>
      <Format>TextFormat</Format>
      <TextFormat>
        <MinLen enforced="false">0</MinLen>
        <MaxLen enforced="false">0</MaxLen>
        <CaseConversion>none</CaseConversion>
        <MultiLine>false</MultiLine>
        <Password>false</Password>
        <FieldLen>30</FieldLen>
        <AllowedChars spaces="true" special="false">alphanum</AllowedChars>
      </TextFormat>
    </Entity>

<!--Image Zone(Date_S)-->
    <Entity name="Date_S" type="Entry" tabstop="true" taborder="34" field="true">
      <tf:object id="Date_S" type="Image Zone" longid="Date_S">
        <tf:bounds height="8483" width="65659" y="142875" x="60680" />
        <tf:markrect height="8483" width="65659" y="142875" x="60680" />
        <tf:treat-as-text>true</tf:treat-as-text>
        <tf:recognition>
          <tf:rec-type></tf:rec-type>
          <tf:force-upper>false</tf:force-upper>
          <tf:context enabled="true" val="1" disp="Low" />
          <tf:preprocess enabled="false" type="none" />
        </tf:recognition>
        <tf:store-val>true</tf:store-val>
        <tf:store-sepr>false</tf:store-sepr>
        <tf:validation>
          <tf:data-review enabled="false" />
          <tf:double-key enabled="false" />
          <tf:always-review enabled="false" />
          <tf:dictionary enabled="false" />
          <tf:lookup enabled="false" />
        </tf:validation>
        <tf:mark-line width="15">form level</tf:mark-line>
        <tf:dropout>false</tf:dropout>
      </tf:object>
      <Validation enabled="false" />
      <ProfileField enabled="false" />
      <Pos height="8458" width="65633" y="142875" x="60680" />
      <Description></Description>
      <MaxLen>30</MaxLen>
      <ReadOnly>false</ReadOnly>
      <InitValue></InitValue>
      <DataStorage>
        <StripTemplateChars>true</StripTemplateChars>
        <DefaultValue></DefaultValue>
      </DataStorage>
      <Font size="3881" bold="false" italic="false" underline="false" strikeout="false" charset="DEFAULT_CHARSET" color="#000000" face="Arial" />
      <BorderStyle top="false" bottom="false" left="false" right="false" sides="true">none</BorderStyle>
      <PenStyle color="#000000" width="381">solid</PenStyle>
      <FillStyle fillcolor="#FFFFFF" patterncolor="#000000">solid</FillStyle>
      <EntryRequired>false</EntryRequired>
      <CombOpt enabled="false">
        <SideHeight>100</SideHeight>
        <CombHeight>0</CombHeight>
      </CombOpt>
      <Entity name="Entry_Field3" type="EntryPart" tabstop="false" taborder="-1" field="false">
        <Pos height="8458" width="65633" y="142875" x="60680" />
        <Combs>30</Combs>
      </Entity>
      <Label enabled="false">
        <TextLoc>above</TextLoc>
        <TextAlign>min</TextAlign>
        <Spacing>2540</Spacing>
      </Label>
      <Format>TextFormat</Format>
      <TextFormat>
        <MinLen enforced="false">0</MinLen>
        <MaxLen enforced="false">0</MaxLen>
        <CaseConversion>none</CaseConversion>
        <MultiLine>false</MultiLine>
        <Password>false</Password>
        <FieldLen>30</FieldLen>
        <AllowedChars spaces="true" special="false">alphanum</AllowedChars>
      </TextFormat>
    </Entity>
  </Page>

<!--end -->
</Form>
